-- phpMyAdmin SQL Dump
-- version 5.2.1
-- https://www.phpmyadmin.net/
--
-- Host: 127.0.0.1
-- Tempo de geração: 16/04/2025 às 19:48
-- Versão do servidor: 10.4.32-MariaDB
-- Versão do PHP: 8.2.12

SET SQL_MODE = "NO_AUTO_VALUE_ON_ZERO";
START TRANSACTION;
SET time_zone = "+00:00";


/*!40101 SET @OLD_CHARACTER_SET_CLIENT=@@CHARACTER_SET_CLIENT */;
/*!40101 SET @OLD_CHARACTER_SET_RESULTS=@@CHARACTER_SET_RESULTS */;
/*!40101 SET @OLD_COLLATION_CONNECTION=@@COLLATION_CONNECTION */;
/*!40101 SET NAMES utf8mb4 */;

--
-- Banco de dados: `projetovida`
--

-- --------------------------------------------------------

--
-- Estrutura para tabela `fotos`
--

CREATE TABLE `fotos` (
  `id` int(10) UNSIGNED NOT NULL,
  `nome` varchar(60) NOT NULL,
  `conteudo` mediumblob NOT NULL,
  `tipo` varchar(20) NOT NULL,
  `tamanho` int(10) UNSIGNED NOT NULL
) ENGINE=InnoDB DEFAULT CHARSET=utf8 COLLATE=utf8_unicode_ci;

--
-- Despejando dados para a tabela `fotos`
--

INSERT INTO `fotos` (`id`, `nome`, `conteudo`, `tipo`, `tamanho`) VALUES
(10, 'images.jfif', 0xffd8ffe000104a46494600010100000100010000ffdb008400090607131312151313141516151718181b181818181b1a1a1b1b1f1a1718171d1b1a1b1f2820181e251d171822312125292b2e2e2e1d1f3338332d37282d2e2b010a0a0a0e0d0e1a10101b2e261f252d2f2d2b2d2d2d2d2d2d2d2d2d2d2d2d2d2d2d2d2d2d2d2d2d2d2d2d2d2f2d2d2d2d2d2d2d2d2d2d2b2d2d2d2d2d2d2d2d2dffc000110800b7011303012200021101031101ffc4001b00000203010101000000000000000000000405020306000107ffc4004d10000201020402060704060705070500000102110003041221310541062251617181133291a1b1c1d1425292f01423627282e115334353c2d2f107166393a224346483a3b2e24454b3d3f2ffc400190100030101010000000000000000000000000102030405ffc400301100020202010301060504030000000000000102110321123141511304617191e1f02281a1b1c1234252721443d1ffda000c03010002110311003f00f8fae20b88ce411c89001f0efaf4fa459eb1d3b09eefad0d6b0ed9b4e5afe668a26e82069aec34a5a1924bb7a330731af3ecab73defef3b799e463b3b4d416ddf1a053a72906bc5f4c0faa675e639ef53687a2c1e9a35720789efecabad5abfbfa42227593ca677f0a1ee1be8012a4730647d6ab4c4dddf5de77eddf9f3a69a63b41596e66d6e34e5cd327689f3a26cadf2605d6d86ecdcc902834bf7c95683bc29ef3c86b469bd8946cacac0c1800ce9cf9d4b690ed145ec7ba341bccc79e563f3a2ed717ba4756f5dd394ea3df435bc080dea8d67599356e0b0ed683144171c890b973680fdde7e545782f8b5b64ce3ee9dee39f183f1a83166d67972007b637a6189bcad62ddff46aad396e2ae8275821752bb41e531e60a6347f743f14567b668dc23d4ec3232ea090769048d3ca8b5b972673b4fef1fad471370a365009300e834d7be874c55f0eb7122240ca554827c586f4f8bb279c0d1605312f2b6b1019946b6c5d21c77430027ceaac362314ee505c7cc264331d23791db34bb865b78670896f3375920c693aaeb23e145e238e15bb3d557ca031226609593a112428a4d3e5ae8695150b7d7e01a97b1a44fa53eae6f5b96df2a95ec46350126e9851aea0efa76506dc7ee73640069a90674d800248aabfde5726332f5b4d5419d7b08efabaf899728fbbe433b1c4b1c55583021b690bda17b3b48af3177f1b710a96001ca735b280c1ef1ed3516e2696cc5c525546558009107cb7de874c71399b0cafe8e25b3098327624e823481e14eb5764b6b953424c570b3e90a3b6dab66d5b91d4f9efce8ec1ddb96e5d545d10475c6816476107977d0bc471e6eb926e5b46d0316d36d227698e546e138a5ab29945c57622345ce0ce867901a93bf2a1a6cb4e3445b137a337a1483afabde06d3b4d7a2e62267d026f1ea8ed8da7b6a3778d8b6a010a4410250ea26627b01a1f13d237b96dd517d6112aa743a990677d49a1264b710ab9c5310a354b6b1a6c01f64fc0550dd21be3ee7e1a5d80e0f71887b8c46a0899274ed9f657b8dc7758feac2e5d204ebac4f598d277d98d2495c95165fe317dbed003b3229f8826b3b7773e26983e3bb8fb685c6245c613cfe534e29f7339b8f6068a81ab0d78cb5a1990af229ed9c2db55836b39fbc588d79c011a52ec4e05875846524c7584efd933e75319a974349e2946afb8257035eb291bd755199d5ed75750031c3de436dd58096221a4c803b86904fc297dc42a77dbb2a00d30b2a86deb13076513cf724cfb281f5025bcc36661e04d492f3ed98fb6aa15214508676b17ae4ba20ed987d36abeee1a103769200f0e74b88ce279d1fc3ef66192e1d179f3cbcfcc54552d082b0d6a103e9eb4991d80fe6286bfc5ee43286d0883a0923b2797953ec6e16eddb2152ce451d8466703662bcb4e5bd649961883cb7a718a6adad8e83b0f8acc04019f9b123db15edcc5f5846aab333b313bf88a12dd90480749e7d9569b600107524c88d872f6eb5496cd3936a87b67f5eb92d21ce35ca3590353946f3a6d4b6f5b6462ae191b72ac083ec34c7a2ee571168ea2580d37d74f9d6b3a57c15afd99019ee5a6eaee58a92032f7c183ddd6a89c6b6673b7b7d8cef14b4172b4ea5177d00d37ef3ad2fc3602e5ecd0c14285d6572ccc82598800f756bc70bc3b41bf7d40ca8325b8669035971217c81a6987c4602dc65b2095d99d1dc8ed23328029471be4db1c22fb997b565a72a8cd1eb15ccc24eba18d77e546bf469b1441386bc99572e70412fa98253581af71ad52f4b547ab200fbb6a3fc42acb5d227b9ea8bc7c117e66af8d33a24f92a6d7ccc45dff006758a2600040d8b0653e608d3db44d9ff66d88d2481041d329dbc5c56a2f7177ff00c403dcb67e60d52788dddffed5ff00a1fe4a3f2628e25fe480f19fecfdeeb06674589e439f813571e80b4afeb8054d4286204f698135c78a3f36c50f341f0154bf11edbb8afc46a77fe2cd1608376f222ce25fecfc5dd4dc50c39804923b0e82696bff00b378222e311cce5cb1f19f751c789af3bd8a1fc5f4a9d9c65ae788c44fef1f81fad2e525fdacd3fe3c1ffd885389e83d90a55f12c39eb6ce9ecdaabc1f476cda58b7880c4b6604d90d06235198372ad461b8761ee99175d9bb588f8e715763708966582a8552559cea491eb42b12001f78cf703bd43c93eb45af67c29a5c9b7ee32adc30e523d2127ef0b45477685cd676f744ae8fed1329e655c7bf291efad0f12e9049fd5a85ec7719dcf3d0105a3c04785211c79d9a33bc130642a8fc13277eca172ea919e48626d294b7f3fd44d88e037a600561fb2eb27c8906ade3884109917653eaf5e60132699d8d4f595420621a5e5e3b46a01d20c40d08ed9a8e3a6cdcc8cc8c2014b89254489133a891ad6916ef672cd63ba8ddfbc49c0786fa6660225402092446bdc0cd33bfd1863a9651da64edeca3fa2a0fa5beefa1080b1e5a19f852717ae636e952f92d8d428e43969ccd6948cbdc547176f440c188800ea01311ce881c05de1c80a586dcc7be81e39c285a86532ada4767b77153e01c49d1d6dc9ca4fb2447b2a5245f36183a3cc06bf03f5a16e7472e0f54023be455b7b19732c0b8c4c47ac7592c491ec5d77131431c55c6466cdd7d08198ceac4c01311047baaa9127bfd0173b057b54e2b1aa8ecb901d6664f3d7e75d48054c237a370986b8c34072c4cf28e70622686c4b4b1f651b82c4dc629646a18858da67c281e932c7e18ee66d5b62b00481a12343af3abad746ef9fb1ef14ef84db6c35c0af9f35c7ca8884659d0f5b36db8a77fef0ba12a70d78952431520a98fbadcc504bd99fc2f4458c0f45718f68baa07fec34c780f4273ddfd61d0107ab711846e439d0ed3b0a3f17d2a67b65461aff5a32c9ea9221802411a69ca81c0f13c52bdc4c92ce2010d39574cc26090219634dc1df6a4efb0d2f233e278b26ede6b16cb041a051d8224c57cff001a4bdcccdeb1009f193fcab6dc3f8f622d7ead2d5b65064901b5f1da4f7c7b37acdf166cf71ae30c921401a1d801f64c0a115b62c414461308d72e054126098d39476d45128ce081bf49b61012c4c40e733354fa1496f639e0bc16eadfb65a14060c4ccc05eb198d869bd6cf0172de22e3067cb87064ce86e9ecd364d35eda582cfa426ca1ea023d2dc1f688d72afec8ede7bf6656cb6f265858000cba7b0fbaaa11756ccf2cd275125d23bad79b25b016d8db9663b4c721d82905ee1ec37229f622e6c0a99058ce6991b8001f563eb4beeb926b5461c812c604e824568b84e16da100bb6d248da682c35ba291373b0efa4c2d97f13b800cab97f7a3e149dacb93eb98a2712ddf509841da69243e4c113064b0eb6e6a6fc14ce8dedab43432f719a696b1a9265808fcc5315889b82bf68a10f0eb95a1bd8947fb7a9e5bd0249a6162eb25d0cc1d39eb5a3e3e45c42ad3943ae9da3d33246bca1c0a47c4ef11688d7d614db19d71707ecb91e575585619bb1ddec5b73ff5fe519dc55a172d66b614120111cfef6bbb1df7deb1fc5f845c5b8aca9ebec36d86bbc408ed8e75b2e07c2d508bca310c1e4e40a96c0988245c73b03b813d5efd45e975dcb16f225b4562cb9989924732743a69a46b48e614e0ae910d30ca42b11e591bfea00fef81caaec5b152d72da20cb97380b0187225751d92401dbda69561b1d9eeb66fb421c2881b1d80ee2c359331ad68f098517259ae2a81d56ed2c06a00ec3b8ee234350e91af0792b8ab6f42b5c5e65baa9953d2ae4fdd27781bf23edf0159a64b9867dc491cb556124777307d95bfe31d1d4b7659edc868ce0e690cbcc47281a9ef158ce2e8d7116e132c8a1587ecc9218799334a12b1ce0e3a7d45dc471ed75a4e8390fcee6a7c3787fa40cc58a85206839efe541d37e8fdb76ce002504331ecd180356fa111ebb355e92c2a49290a04981a66edd3991433636c4800accc0eaf398eced143fe8b70a3e4b65a42c1110195da77235861a6c44d077b875dccbd4610cc4f58411999a175d14cc455a7684d5321718b33159224c11a0d0915d42b1b96c9581b93bf69cdf3aea9a2b909289e1ac05d42db03268614c3816145dbca8640863a44e80f6d041a47c4876c30b20b225eccd00922420d644c686aac6b8171816c6820c753d51d91a6de757e3b87dac2a8ba1ef4cc750aa9d89de3baa1c378c7a6b89685cc54b9fef13c760bdd45219e58c585d1463ee03b87072f23a26bd91bd1d77872001ca5d2bbe4412fa81032f38cfe5145e0ad9bb9b2debfd462ac0df3208246a16d18da8ce22c6dd86604ca8d0c9276b5ace93eca3ab1a7a1761458b47d328c50751d55b8e003a46aa35d3bc6f486ee06fde62d6ed3b8274caa580f351154262d9ef266248675cd3cc1613eda7f7b8d621bfac66039655baa17b882b9447769572715a2b1c1c8cfe2b0d76d40bb6dd09d83291e3bd6978270e6b6a044622e8eb7fc2b67977330dfba07de8b30f6b30b779ae0bb0c45b492d2e201267480c66279283124d6af0dc29ed5b90ca6f5c92ce4fa93aee444c9f2d4efad25d2ca715cf827f9bec4f05c38aa04556800c983a9df7f1a678ec0964578eb283239c0d469e66b3f89454cbe95ed37584e77d0903b4ea763a481bee750670e6b4aa4ab59371a417940483bc01b0ee1af6d0a726fa159bd9b0e385ac96fb52fa91c55ceacc6e283c3af3e546e330f254290c4fdd20d5b8fc19408aa0931a8ef35b59c1445018d0d4aee83f3bd5415d475bc3cfb2bd798e53bef31e3c85200574e5eda2ca8ca58810a20779fe555481eb3db5e705803cc0d3c8d598a53915175dc92350674d3d868029c3ddb7948704b13a189d3c7308f61a0db7a32d70abac242e9462703bc76427c229e80589d51277d855576f1228bc7d965682a548da455376cdc6d0db61fb414fbe810ab88b750f88ad160d8167ee4b9ff00e45acff15b445b20820c8f9d39e1573af7a7eeb8ff00d602b1cddbe27a1ec3fdff00eaff0074726249d473ab9aec882019de695716fd230d987a1ea8eb2b311cdb4ea9dc6b3ce854e3d881fda21ffcb43f1159b742c5839fb8ee3dc015c35eb72ae8a4851eab1512ba4c03237e7efa0ba3d703962b32c8ada1d084eaebdf96e21dfecb531bfd2b60a33da0d13afa355cd3de08f8505c3386b2da5bca115731653773010090a0c41240661d5ec1dba44a9ad9bc31cf14ae3b7f7fc0762ba442daad9bd10930752218024769eb023fd2b3563d1dc63e890e45cf375baab972b65483eb127288f0f1a278c62f0f72e67f462e5c035639c21fe16624fb86bb5057712cc353cbabb00a3b028d079565abb5654b149a5cab4dbd75dfbfc0aaf705e6ad1be846ddd34cba293877b85d432b20d986d3ac4ee75daaec1267f493a14504f7f59534fc54e7a389fd6c0dd32f7899122ba22db395c5296c1709c4d12c8ca55a7ac65b2eec16069aebbf65538be26663d1fda55d4f6ae63cb52368a6b86e136d0954d04a9ca63912c20f2ecf2a578bc035b2cf9c112cda9d44efac7e62ad2950af1b31fc4b18c6eb90604c7b34f957502cd249edaf68b321f7e8c0e095f28917609e7107ea286c163db0e4940b2da6a274dfe747619270170cfab7440f10a294df4cd96013af2126a1f547a128af4a4c7567a517c90a15093a019275f6d39b188e2532b860089dad81bc77f7566f81916ae8b8d66edccbaa81035e44ef5b6c374b2e6bff0065bc64ce907901f77ba99c0516ff00a49838384697006652a996330da75f5a6a7c4adb260991c6575b6030ec205b047b4534b5d26c47d9c15f3e3fff00343e2f3df0ead69fd25c99b4080e0900c491122398a131a3e7f66d83a9dab5183e237eec675b62d2c02ce92c60eb94939ae3477c769ad2701ff67c89d7c49cc46b9068a06fd63cfcb4ab6e71a55681e801525540b63aa037564c12a20ccc554e9f52f1ba7ff81184e0b6eedb54c3b1565922ea20d01d728f48b0b04b733398d058be8ab3faf7712f048ce6d820f23afa36520f6c09edad46338ade60ab6ad31300962ae5662444408d79f3e5a4d5165f88b192d0276ca834f3350e75a57f23a2382ff13a5f16672cf45932e5175c907458c32ea3b8da3d8371526e8666ddaecf7bd98e7b458311d91ceb5af85c4b887758e60b7c808aeb5c0c8fb607ee83f222a794bc7ec5fa58bbd7eaccce1fa0d1bb93accfa7ca47745bb2b4d2d702ba9fd5e32f2fec9cb717dae81bdf4f53861e775ff3e335e8e16bcee5c3fc7f4155ca447a58beeccfbf002c66edfbac7f672af8fac1a3ca280bbd0db04e6cf7a4124435bdc83db6bbcd6c4f0db7cd9ff1b7c8d41b86d9ed6ff98ff5a3948b58f1787f7f998dc57456d3086bb8860083a9b6da8320ff0055ad4311d1a531fafbc23588b444edcd2b597386d9fefae0f06fa8a19b875ad48b97881b92c00f6c54bc9246d1f67c52ecfe4672c70836f45c55e5f0b7641f6e4a6d845bf6c02b8ac44726b96ed907cf4274efa2ac1b0afcc2f68399bcb31f7d3e1c7308ab9573e5ec2b3e664eb429b62cbecd08d541b3357f13897d1ee59ba247acacbe724389ee8ab707c214996bb69743eaaea0e9104801b9f214edb8a60dff00b027bc5b4ff3542c5bc364675b6446f2588eed2627cfdb47a93ecd194b0634adc1a1762b8361c146bb7dee2833916da0ceddfd6d7ceb35d20b2b616e9495f49395675255d2e3b0ec5243c79793fe27c6427eaed2067604c7628d4b5c6d022693a4031e75f3ce278c2ed258bf32c79f74721ca3954cf23ee6b8314526d03f0ec35ec4dc2cb700793128ce42811a2006771a9800f314c9ba3f7f67c4a9eef436d9a7c9b2af9b03dd46f44efe1f3dc475eb8890bfda000418983cf4da75e750e23c7152f3c36543eadb80590e9cbc674276344e4d9960c6ba3fdf404dd1cbe04e70fafabd5531f9e40d018d2e1b2b2e5234cbb003f3cfbe9bf0de2d76f120e5b6abeb1319a0cc68745d8d47a498ab7711112e16756906dbeaba7decad239477d2e2df52dcf8bd19767405bed10242af67ef6dec06acc371328254209d9b2c91e04c9150e3782cefd450b961749cb3aec759ed9e7aed54325d521180631b68741d8795349221cdb18f0c467c428fef15878c0661ef5af388718bb86836b27eb2673093d588e7fb469c7461b2622da3da2182b8008d660b0df7133a8e4c4765407458e213d23b910ccb9723b446e4149deae2e8e6cdb6679ba437dd6e34a4aaa910396601be2295e2f8ddf7520b0ca441d073ad2dce8b8b72437ac3219b57bed1039aebac52dc57475fed7a478e496dd47fd4b54a5b39a29f2666d30ec4481ef15d4c8f04bbf72e7b1be95d4ca0ce1ab383c40cdb3218d35d47d29c7404f5ae8ee5f89fad26e0a62d6291a7d4d87689de9af401ff005ce08905018f03a7c4d44bb1df2de391be44206835d00f13a0a6787b7103b076d0362f00e217d513bc6a741eecd470c4db2448527902c09f67334ce10e460012600024924401da7b280c3dd399db0f6bace496bafa0f05075cbf98a47c4ba4a89192c3e593b5b2412a48980244729f11411e9ca8f583afef215f8d551be38c7b9af6e1ad73faebcc7f65741fcfd95d85e1966ddc67df6cab32040dcf7fc2b247a608c25493e1525e948fba6a75e0ea5e2cde9c58af3f4d1584ff007957987f28ae6e925bfbb77f10fa516c2a26e8e37beab6e22bf7ab0a7a496feeb7999af0f4854f21f87f9d4b72348ac7dcda3f141db543715efac92f1b1d8beffad4c7195e6a87f3df53b3a63e89a63c4fbeaa6c693001d4ed59efe96b7fddafe223e114460b8da212c13298dc193e5352ecde2f13e9fc1a120209b925b920ff0011f950388bcf73b80d946c2804e396a64b1f31fce8fc271bc3ceac3dd59b6d1a2696d6ceb58133acd1d6b8680444927658926378db6e662076d17638a6174ccfbc9e50076b1ece51ccf990b6f715375d96cca2107330d5dc6a0090341aec206fdbad4536acc326696fb165d601fd1a75ee7ecfaaa7fc64790eee753428939da48df5d26277fb474d8682863712da37f6702089d8732cc7e1b564b8c748148f4768483bb1dbb34e66b4a5138a7925934ba0e7a47c5d3d19b48003735b9075d3d505b9888d3fd2b1572f0242a82c760053dc4f0c0b63d2df726eb4154e454ccf9ce5dfbe96e3304aa41b418936fad276246a63946bdb59df27b1c5718d212626e117241d41234dbaa32fcaa17b10b2a554661a931a4d576d6559bb1c8f6811ff00b4d46cd97b872db5673d8a27fd2b5a30bb3cbf74b92cdb98fa51f83bcc3551affad5987e06418bb7150fdc4fd65c3dc157407cfca9e5bc3d9b5a25b6668824cbb83bfaab193cf211df4d0a5aea0586c25d32ce204275da1176d6098d3b87b2ab7e0ca66e3bb9cda67196ddb122347b8335dfe15ad061386e2712d9966d89d5ee8677e73911840db431a46e6a3d31e196b0f86904bdd2e01b8fd67260e99cec26345d05351339644ba1f356c730ba2eab19423219d6176f6efe75f5ae0d8ebc96c0055d5bad99e162604760da7ceb0d7b8758f412d6cc981e910404e40931ac9e47b3d9a11c159d2d19b8a56ddb048370293198e8ab0e24c6fad367358e78b71a65280aab41ce40b88741b7aa091d62a7c8d27c5f4b379b007f11ff002d077f0241606e413ccdbb801eeda3c850de8015338820c683d13c4fef4c8e5ca85a1220dd3113fd48fc47e95e502fc1ee133e914cf397ff002d75303ce15798ddc4b95014230707d9edea9ab7a15694dc7ccceb09ba98e639d672cf1175f4806d737f0d79f99ad2f405ae17bb957d6004f2804661dfba8ee9a4d743a5658a835dcdb60385db61988b8d9b5018b9d3ecf3ecd7ceade3587b762d064b6aaccc141cb07632677e5465a7be77ca3ddf3a43d2cc53328b62e28706498531a111aec75de9ad9cc95960b33630b39b2b00e4418d65ccf9103ca88c358516dae10d913d68de748d0fef0acb59c663f2aa0baacaa00504a400040d32f655b631d8c524e5b649dce55ec8eead3932d6166b7a4dd1cb5e80dc16d11b2338b8ad94e8a5806000d3e47c2be7056eab185c5983bae520f87576a7989c662ee27a364629105500123b264903b811eca596ba3e264e16fe5fd93afbda2a1b6fb1b43134ba940bf744cae37f0afd2bcfd2ee0e78c1e36d0fc451c783a0dad62d7f887f9ea4386a7fe307f1aff9a917c65e7f51e70ce12a6c8b97aede2590dc102da10826617212d724dbea981fac149b8eabe1aeb5a6bae4ae5222c2990da8d98091b1efa79c33a40f62dadb55bac176672a1888232b1cad986a35d0f55778a518bb6b75cbb5ec5213032a1850000aa00d4e800d4924ef409295fd7ea28fe936dfd3b0ee3864ff003d79fd33d6938911ae870f1e1a8d74a6270aa3ff00a9c6fb18ff0086b822ff00f778bf3b4c7fc3487c65f6fea55c1ef3622ead94bd6dd9c8007a22b1246bd9a4d7d070bd08b190bb87b8413a9668d0c7aaa44031e5dfcf15847c8eae3157c952080d65a091b4f5448ad261fa70e83295eae6cd0a6e0f77a1d069b49aa8b48cb2466fa7dfea103a296b318b6a9988ca194981127527ac6b8747ed86ead9b5706ba0b6c3da41a0cf4d53329f42f0a640eb9d7c4a512bd3c50d22db01119634efd328d4f6d572465e9cc6670d66cbdd16addb55f476e415cc3ad998839a67d55a0afb66b176e61c7a1bd6d7310beab81a9ea6cba7646b133405fe93dbbaf709b6e33e580ba910b97b3c6aee1b8f273adac36218ba14eb0551ac49d48276a993b2e2b223218cc7dcbb26edcf6ec4f7014360b121595c80c1083079f60f0ad40e885c4426e5a2728d75131dba903df49ede1ed3dc50b69c2930ce1842ebacee0f919f1ae7a3b14bc2d06e231ef8aba6e1584ca141224f69cbdf3b91afb4d5389e2d76ddd417b2bda72141c8aac8df675402574833af7d5f817cf26255558aae60bd51a2807489dc9dc66279529c7dd5c461ae15b62d3a4abdb04901d6590ae693a8470476af7d6ca0923927964dfc026e61edcb33db50aec08372e64566cbc917ac00d4409927ba28ce1d6ae5f9b5691980dd107a0b4bfbcc62e3f9e53e34df06dfa659b7e8cfa165b69e92e05019d9d5642b012202893beb555be8a2db24ade209dce5249f12cdf2a9a46ab23a2fc3f46420ff00b46212d29dedda8b49e0ce7af73ce9b61b88e070eb952e5a0072423de4ea6b35feed86266f39f051f5356e17a31618c1f48dda59a001e40555f832693eac6cfd33c3eb0f1200d9b696e7159fe9d62d5ed61c29043316d368037eff0054507d28e1f85b483d1922e690334920924c8e400e7ceb358aba4bdb52d2aaa7289da6491dda93a5084e34ad0c3885d64f412c7d195cb7175032dc2f0d1ccf51883fb0b5bae88b5dbb85b5d6d972f2fb24af6770ac274994ad9552a35b562e2bcce8b2a57c9aeb7b4796b3a1ee7f47ca2605c71a13dc796bcfb29b3234b88e1cbbbbd2ac460b0db952de5fca89b9004e503bc9d7f3eca0715c4146faf840f819f7d0004d630f3ff775f77d2baa87e30b3ea0fcf9d79401855e12c4cb7a481b98d7c008d4d3ae158eb963d4b689a409562626772ddbd804d3efe8bb6c75f49aff00c4b9f26a22d700b1f71ff1bfd6a39237e00563a4988e66dcf665fe7596e2b6dae5e7b97572b3153a6dea293079c695f41b5c070e07a87f135673a6584168adc4d0119622751de753a51c9761a55b91992183100b11db33ca8dc3e388582a4bce84c447788d7da2abc3fe90e335bb7986fb27c28e4c0e388ffbb83e007ca8a91bc33634f7fb04dae28800cd6f5e71f4833ed1451e2764af551c36d1075ef1afbab3078cbab106da0209077dc68751536e3ec4464027b0ebefa2a469ebe067d2fa39c0d2fda375eedc1d6200520010076833268fbdd16411176f113af5d663940f466758eca49d13b82e602cfeac5d0b79cbdb952622e2890e40dca9f7d6838867b8c156d32e5465432b94316b25184313d4ca58c81eae935aae8704f2cb93a6507a26a4c7a6bfed4f9daae4e8982405bb7b9c9254469a47eaf5d634d2a78cc0b94b032b165074ca182b1642cc5b382092198341d09d2ab164a1ba0da67ce57282acba86ba59d82b9372015d444caedb8744fab2f213fee89e57dc1e44852078c47c4565bf4dea066399a3501bc01f0ad7f0fd2f7ab7464b606770ff00ac3910499ea2446db933b73f922f1608c7d6076e44544afb1d3ecf915be6cd52e289885dfb5b6e5d9dc6a4f8b5139811e463db96b309d2203b7f0afd2a77fa4818416623b200f80acff19d7cf17943bb9c4d40eaebe3007fedaad788dd1baa9ec23fd2b3cfc590f6c7857b6b8c2afdef653b90b9e3f28d09c7dc2c32011cc91307b348abb0dc63128dd5b993f7544f3d899a556ba4365e015707f64fc89147e0f1f6f36cc57b0db5cd3def9c98df4f0eca9fc5dd89ca2d686a3d35f23d23330dfac4b01e00e9eca971eb6b6ac3b03a8100ea753d51ef2289c3712cc404b533b49f9003e34a7a7589fd5dbb7a025fad9762141d353aea575eeab8a8b39a72690aedda946b4165bd05d291b822d8b63c67d21107b450d6adb5bc5dfb6c20bdb5761fb47d1337b0b5c15a3e0d83b4e971ae005a0a8eb10601473a0e5d59d77cb1e39b977c4fa46f58da7cde572e47b1428f2ad0e436dd1eb2cb85b00401e86dc98e647c76d6998b08babb663d9fcbe748f17c6058b6b6514e6401493a6b0360353eef1a44cd89b8d37185b427aa1c416f0b625ee76c6becaccdb8b35b89e3c88611574df2805878f24fe223c6b33738d5cbd70adb5ed963d73ff4e83de28dc0f44eedc0251980d9b11d441a7d9c3dbff165a62dd11bff006ae232f2492883f815403fc534e85ca28ca5f5b6aacf7a52e16d6e12a20ea40852492402769f6567388e3d6ede0504055cb9b62deb12d036924fb674dab5fd33e8fdc4c2b310908cadd5f1ca4c40e4deeaf9e5b68229d512e6d9a4e3b718d9d5a40b3682291a8ccea49063ac0fa33cf48ad47475996d5c54303d3dd8d46c081cf5e5595bc3359b2c64c1198f28b79bd1a4f225ae7b23b2acb498af460afa48725faaf941cc4b481986f4e8ccd6e243fda71e714baf3278f82c5662e5ac5ffc6f224fce87b8d8a1bfa7f3cc7e54501a56cbf75abab2dfa562bb6f7b1be95d401f484b646f0be2c055a2f28ddc4f7027df5995bf57ae20567c11afab2343fa727ed1f60fad29e930176c1858ca736a67b8f773f7552b8d51ceac18b46054a960410778a6a2897924fb98fc1f147b4215801d8448ef2082089eca6363a5970685c378bdd51ee274aab8e7064b686ea06ca08919a4899d76da606fceb3fe9876558725e02ef80cc5bd22758c9d6e2ea7b005a92e1c9fed53fe6b0f8ad0ab8a5e6a3f3e557a62ed7343e5968d8ee3e0bbf4063f6d0ffe70f981535c03f2f75eb7f51552632c7dd6f62fd6ad5c5e1cf26fcf81a3655e3f797260aff2373caf27ff00b2ae5c3e246cd89f2babf27aa0632c76b7bfeb570c561fef91f8a8d87f4fde4ae2e2f519b1907967911e19f5a1bf41b9007a1ba63fe083efe7457a7c3f2b87dff4aacdeb5fdefbcfd28d87f4fcb28fd0ae0fec2eff00c96f91abb036596e231b3734604fea5fb7bc9a833dafef3de7e950372dfdf3f8bff8d3d8ab1f967d24f1fb169405c3e72752c6d91b93139575f09aaf13d22b2d2bfa32991a30b4c841ef2674af9b9ba9f79bf17ff1a8335b3f78f9cff8696c5500fe2776dbdf765004c6d104f33a7e7bcd15c3d75a556f288395bdf4db09c4941fea9db61a7f2352e2d9bc734628d6706e2296cf5a762247290448f0acdf4d310a6f5a556cc0231d047ac40d7f0558dc79575f44c91daa07be66b3fc53897a7bc5e2340a3b604fd4d118b4679322974345793f5371c82516d3961b4b67b25402660951763c1aad241c4e28c68965079b32e69efeb37b0d4783aa5d50ae095201ca352d0436588339b2958ef8e755f11b46cd8baef22eddccec3eee6d2daf7919a7cead1887af4a2c1767601a792ca93fbcf13f872f89a330fd35b286530e884ee43758f89cb27ccd7ce30f8676d87b74a36d70e8f5d87803486dd9f403fed02df34f65c3fe5aadfa776ced6dbfe647cab1a12d0fb03dbfea68cc3706bd73d4b442f69ea8f7ea7ca9d08738ae955bbaae8f6db2b02ac332ec41062489af9b5eb443102489d0c6fd9e75f43b3d165026eb127eea7f99b7f7530b381b16ff00ab40a7b4f58fb75348461f8460efb8c86d5c08c44b15223bc4c4e95b3296d0013a00000bac01a46ba7baa18bc5591eb3163d807c84d2d7e2876b491de7eba9f85200ebafcd50f8b90052bc76208dee004f258f898f9d55712ebeaee7c008f7fad50b58555ecf13cfe740013629a7edfe7c2bda3bd22f7790aea001d30279ddf755ab835fbf3edfad0299bb40f7fc2a5894b91d46d67ed6823bbb6980d2da28ecfcf9d4cf12b6bf6edf94bfb96b2b770779b7eb7f1023e950184bbf74f941f85006a2ff001f305484742086057248ecf58cd63f14aa5894195792c968f33bd17fd1b78ff66fecaf470abbcedbfe126980bb2d7a9b89123b369a68385bf3b7707f037d2a4386f6abfe123e5450042f4864006cda00000422e91a0e53efa85fe301f7b36bf0afd2bc5c120dc1f3ab52c2762d1b1801b8a7fb35fcfb2bdf420fd83f9f1a61fa1a9ecae6e180f6fc28a602f36146fa7e7ba6a303be988e123fd35af4708edf8d14c2c5448af0bd39fe891db1efaf4f090769a7416284bd1ca89b7c5186d0077051ef8a34708a90e0fdf4530b15e231eed325a3b099ff005f650de90f69ad0dbe10bcc89ee1ad33c3747d4ed69dbf80c79b191450598952019a9adc8d01f3afa1d9e8993fd920fde65f94d10bd0eb6b05f20fdd59f7b1f9520317c1b8aaa68c76dbc267dc69de23d36280f476ae38264b106091b4b1dfdbcab4d87e1186b7b5b07bdbf31eea95cc058275b69e1947c4d2b033f87e8b5efb652d8ef604fb07d698d9e8ee1d7d667b87b0081eed47b6af1c36c0d7d0daf1207c0d4dad82225bb8691f4a2c47b61ed5bfeaeda21f025bdd26a17b16c7ed13dba47c41f855ab87efd3b0c1f70022bcf4703583e3b7ba900bd83b6c74f6fc74aa5b87336af3e6d1f09a69771e0692be54bf11c401ff005a0019702abc84789f90aebb780d80aaae6249d949f2aa0bebb7c28191bd88634238249913027f3d941b7183a8f44e4824181a687c281c75e0ee1cab21cb10c75dcebb089914501318b7e47dc2ba969bde35d5448f92d376c7b07c2afb764736fcf8ef55dbb679e5157220f1a43262d2f79abedcf2d3c07f2a822f31efaebaf1cc0fcf66f4013ca7727da6ac571b17f6508d8a41bc9f77c7e9560c7f24b7ff00493ef3a50036b36e44acfbfe428a16d86acc1477b47d6922dfbcdbe83b093f05a26ce1db73227b217de77a403c5369752ecdeff79af5b885b1eadb07c449f67f3a596d2daee547b58fe7c28818b41a22331ed8da800d04bff616bf8957e104d5d6387a36e964feedb5f79a583891d82e53da753ec8ab0632eb40eb11e1a500343c32c0fb36c797d054ff00a330dcd14f8023e340db623778f0806ae179446acc7b7ebad16c02570185e5697de7e753fe8ec3ff0076be648f9cd2fc4714cbb151dc353ee9ad05ee036884fd75d2ec884a86b72a5ed9b809016403958053ae84c914ed8000e1f871f613f3e752fd1b0e3ec5bfc2a7e228e7e8ee17d26437b131aeb9ad8510acdbfa3d7d5dfe95e0e8ae14652d7b106606851758cdcd3688d0f3a36007fa65b5d0651d9b7c06955bf123c81f3fa694658e8cd866205dc408f4601850189cc5e084d44088dc1dc99140f16e1cb67106d2b3b28546058acf5941dd400dbef148085cc639dda3b87f2dea32c761f88c0f6d77a70bcbd80578fc423613df40135b2fda0780f9ef527c376907dbf93415cc6b9db4a11ef5ce43e43e140e866c57d9e3f9154ddc50ed9a5772fdd3a652de115e2dd6fb48decfe740055ec6b729a12e5c6e6deea2570eec7a99a3d91e6411e556dbe16c3facbb03c87b49f90a402c6d79fb47f2a22c70ebadf6140ed60451a71f66de96d4b1fbc07f88fca86c5712badcc28ec03e7554c565ff00d1966d89bac93d8047bb73435ce236527d15bfe2dbe734baec1dc9f18af3aa29f11591bd759a7523c09f9eb4a71bc2f312c0ea63d61234f083efa6aec3c2a83e34c4217e0ae4faea3cbea6bca764f8d750162c38e51a493e03eb551e27d9efd4fc857575494786f3b6876f1f90a925a9dd89f0d2baba8008b36d46b0077913efab86314769f77c2bdaea0095bc7b1f544781f9d4bf4a66dd8fbebaba802c5ba77ab571aa075a6baba80084e2aa272dbf39f955c98cbb704898f1007d6baba90172a3812cf941ec13561bc835867f1d17d837f3aeaea00f462d88ca81547708abb0dc4b1619dd6f302ea88c465d42a9541a8d0859123913aea6baba800a1c4718dbdf277fb29cc153cb98661e7573715c610435f62b33042c4e50bd511a08811a0dcc6b35e5750040f48316a140c4375232c853b02a274eb684ef3cbb05097b1f72e366b8f99a00988d0081b5757500405d1e26a4baeb223c0d757521a2b80265479927fd2a585b4ee6100247ed11f1aeaea061d6fa3c1b5b84cf6293e7a9fa5707c35923d1dbcce3c8fe23f2af6baa92b25b01c4f1cbafa02107ec8d7f11fe5403376924f79aeaeaba24a2f620c77d0eee799315d5d480f110c6ff001a9153db5d5d4c0a98b79578c6baba90159bd5e57575007fffd9, 'image/jpeg', 11587);

-- --------------------------------------------------------

--
-- Estrutura para tabela `patterns`
--

CREATE TABLE `patterns` (
  `id` tinyint(4) NOT NULL,
  `name` varchar(30) NOT NULL,
  `emotions` varchar(255) NOT NULL,
  `goal` varchar(255) NOT NULL,
  `judges_others` varchar(255) NOT NULL,
  `influences_others` varchar(255) NOT NULL,
  `organization_value` varchar(255) NOT NULL,
  `overuses` varchar(255) NOT NULL,
  `under_pressure` varchar(255) NOT NULL,
  `fear` varchar(255) NOT NULL,
  `effectiveness` varchar(255) NOT NULL,
  `description` text NOT NULL
) ENGINE=MyISAM DEFAULT CHARSET=latin1 COLLATE=latin1_swedish_ci;

--
-- Despejando dados para a tabela `patterns`
--

INSERT INTO `patterns` (`id`, `name`, `emotions`, `goal`, `judges_others`, `influences_others`, `organization_value`, `overuses`, `under_pressure`, `fear`, `effectiveness`, `description`) VALUES
(5, 'Influência Média', 'Demonstra emoções com moderação e leveza', 'Criar conexões e manter ambiente agradável', 'Julga pela empatia e sinceridade', 'Influencia com otimismo e abertura', 'Valoriza comunicação e colaboração', 'Pode ser disperso ou pouco profundo', 'Fica ansioso com críticas', 'Medo de decepcionar os outros', 'Alta em ambientes motivadores', 'Pessoa que une equipes, é comunicativa e adaptável'),
(4, 'Influência Alta', 'Expressa emoções de forma aberta e contagiante', 'Ser reconhecido e admirado', 'Julga pela simpatia e aceitação', 'Influencia com carisma e entusiasmo', 'Valoriza relacionamentos e ambiente leve', 'Pode ser impulsivo ou exagerado', 'Busca atenção ou aprovação', 'Medo de rejeição ou isolamento', 'Alta quando há interação e estímulo', 'Pessoa extrovertida, envolvente, mas precisa focar nos detalhes'),
(3, 'Dominância Baixa', 'Evita conflitos e expressa emoções de forma passiva', 'Evitar confrontos, manter estabilidade', 'Julga pela intenção e esforço', 'Influencia de forma indireta e diplomática', 'Valoriza consenso e respeito', 'Pode ceder facilmente ou ser passivo demais', 'Reage evitando decisões ou confrontos', 'Medo de ser pressionado ou forçado a liderar', 'Melhora em ambientes colaborativos', 'Pessoa que evita confronto, age com cautela, mas pode perder oportunidades por hesitação'),
(2, 'Dominância Média', 'Controla emoções, mas mantém assertividade', 'Obter resultados com equilíbrio', 'Julga pela clareza e decisões práticas', 'Influencia por determinação e exemplo', 'Valoriza eficiência e agilidade', 'Pode se tornar teimoso ou impaciente', 'Fica impaciente com lentidão ou falta de direção', 'Medo de parecer indeciso ou ineficaz', 'Alta em ambientes organizados', 'Líder focado que equilibra bem pressão e pragmatismo'),
(1, 'Dominância Alta', 'Expressa emoção de forma direta e intensa', 'Alcançar resultados rápidos', 'Julga pela competência e eficácia', 'Influencia através da força e controle', 'Valoriza eficiência e ação', 'Pode se tornar autoritário ou impaciente', 'Torna-se ainda mais controlador', 'Medo de perder o controle ou ser visto como fraco', 'Alta em situações de desafio', 'Pessoa extremamente orientada a resultados, com forte iniciativa, mas que pode atropelar os outros se não moderar sua intensidade'),
(6, 'Influência Baixa', 'Reservado, expressa emoções com cautela', 'Evitar exposição e manter a descrição', 'Julga pela consistência e respeito', 'Influencia com bons exemplos e coerência', 'Valoriza discrição e segurança emocional', 'Pode parecer frio ou distante', 'Isola-se e evita interações sociais', 'Medo de se expor ou ser mal interpretado', 'Alta em ambientes tranquilos e estáveis', 'Pessoa observadora, leal, mas precisa se abrir mais'),
(7, 'Estabilidade Alta', 'Demonstra emoções com calma e previsibilidade', 'Manter a harmonia e segurança', 'Julga pela lealdade e constância', 'Influencia com apoio e paciência', 'Valoriza rotina e relacionamentos duradouros', 'Pode resistir a mudanças', 'Fica paralisado com pressão', 'Medo de mudanças abruptas', 'Alta em ambientes estáveis', 'Pessoa confiável e consistente, mas precisa se desafiar mais'),
(8, 'Estabilidade Média', 'Mostra emoções de forma equilibrada', 'Conservar relações e ambiente saudável', 'Julga pela estabilidade emocional e confiança', 'Influencia por escuta e presença constante', 'Valoriza equilíbrio e clareza', 'Pode ser indeciso ou lento em agir', 'Reage tentando manter tudo como está', 'Medo de perder equilíbrio emocional', 'Alta quando se sente seguro', 'Pessoa empática, flexível, mas precisa tomar iniciativa'),
(9, 'Estabilidade Baixa', 'Varia emocionalmente com facilidade', 'Buscar novos estímulos ou ambientes diferentes', 'Julga pela conveniência e momento', 'Influencia por adaptação e versatilidade', 'Valoriza liberdade e novas experiências', 'Pode ser inconstante ou disperso', 'Reage fugindo de rotinas', 'Medo de ficar preso a padrões', 'Alta em situações novas e desafiadoras', 'Pessoa flexível e adaptável, mas que pode evitar compromissos longos'),
(10, 'Conformidade Alta', 'Expressa emoções com controle e precisão', 'Fazer tudo com perfeição e dentro das regras', 'Julga pela lógica e exatidão', 'Influencia com dados, planejamento e padrões', 'Valoriza qualidade e normas', 'Pode ser crítico ou rígido demais', 'Reage com cobrança e preocupação com erros', 'Medo de errar ou ser criticado', 'Alta em ambientes estruturados', 'Pessoa meticulosa, confiável e analítica, mas que precisa aceitar imperfeições'),
(11, 'Conformidade Média', 'Demonstra emoções de forma racional e tranquila', 'Fazer certo, mas com flexibilidade', 'Julga pela ética e precisão razoável', 'Influencia pelo exemplo técnico e coerente', 'Valoriza organização e responsabilidade', 'Pode ser metódico demais', 'Reage com cautela excessiva', 'Medo de desorganização ou caos', 'Alta em equipes organizadas', 'Pessoa que entrega qualidade com equilíbrio, mas que pode resistir à inovação'),
(12, 'Conformidade Baixa', 'Expressa emoções livremente, com pouca autocrítica', 'Focar mais no resultado do que no processo', 'Julga pelo impacto prático', 'Influencia por praticidade e ousadia', 'Valoriza liberdade e inovação', 'Pode ignorar detalhes ou regras', 'Reage com impulsividade', 'Medo de burocracias e limitações', 'Alta em ambientes dinâmicos', 'Pessoa criativa e ousada, mas precisa cuidar da organização'),
(13, 'Perfil Composto: D/I', 'Combina assertividade com carisma', 'Influenciar pessoas e alcançar resultados', 'Julga pela iniciativa e envolvimento', 'Influencia com energia e presença marcante', 'Valoriza ação e comunicação', 'Pode ser impulsivo e impaciente', 'Reage com dominância e teatralidade', 'Medo de parecer fraco ou irrelevante', 'Alta quando há liberdade para liderar', 'Líder nato, que motiva, age rápido e inspira, mas precisa ouvir mais'),
(14, 'Perfil Composto: S/C', 'Demonstra emoções com calma e cautela', 'Garantir segurança e excelência', 'Julga pela confiança e consistência', 'Influencia com exemplo e estrutura', 'Valoriza previsibilidade e ordem', 'Pode resistir a improvisos ou mudanças rápidas', 'Reage com retraimento e análise', 'Medo de erros ou rompimentos', 'Alta em ambientes organizados e estáveis', 'Pessoa sensível, estruturada e comprometida, mas precisa de flexibilidade para crescer');

-- --------------------------------------------------------

--
-- Estrutura para tabela `pattern_map`
--

CREATE TABLE `pattern_map` (
  `d` tinyint(1) NOT NULL,
  `i` tinyint(1) NOT NULL,
  `s` tinyint(1) NOT NULL,
  `c` tinyint(1) NOT NULL,
  `pattern` tinyint(1) NOT NULL
) ENGINE=MyISAM DEFAULT CHARSET=latin1 COLLATE=latin1_swedish_ci;

--
-- Despejando dados para a tabela `pattern_map`
--

INSERT INTO `pattern_map` (`d`, `i`, `s`, `c`, `pattern`) VALUES
(7, 7, 7, 7, 14),
(7, 7, 7, 6, 14),
(7, 7, 7, 5, 14),
(7, 7, 7, 4, 14),
(7, 7, 7, 3, 14),
(7, 7, 7, 2, 14),
(7, 7, 7, 1, 14),
(7, 7, 6, 7, 14),
(7, 7, 6, 6, 14),
(7, 7, 6, 5, 14),
(7, 7, 6, 4, 14),
(7, 7, 6, 3, 14),
(7, 7, 6, 2, 14),
(7, 7, 6, 1, 14),
(7, 7, 5, 7, 14),
(7, 7, 5, 6, 14),
(7, 7, 5, 5, 14),
(7, 7, 5, 4, 14),
(7, 7, 5, 3, 14),
(7, 7, 5, 2, 14),
(7, 7, 5, 1, 14),
(7, 7, 4, 7, 14),
(7, 7, 4, 6, 14),
(7, 7, 4, 5, 14),
(7, 7, 4, 4, 14),
(7, 7, 4, 3, 14),
(7, 7, 4, 2, 14),
(7, 7, 4, 1, 14),
(7, 7, 3, 7, 14),
(7, 7, 3, 6, 14),
(7, 7, 3, 5, 14),
(7, 7, 3, 4, 14),
(7, 7, 3, 3, 14),
(7, 7, 3, 2, 14),
(7, 7, 3, 1, 14),
(7, 7, 2, 7, 14),
(7, 7, 2, 6, 14),
(7, 7, 2, 5, 14),
(7, 7, 2, 4, 14),
(7, 7, 2, 3, 14),
(7, 7, 2, 2, 14),
(7, 7, 2, 1, 14),
(7, 7, 1, 7, 14),
(7, 7, 1, 6, 14),
(7, 7, 1, 5, 14),
(7, 7, 1, 4, 14),
(7, 7, 1, 3, 14),
(7, 7, 1, 2, 14),
(7, 7, 1, 1, 14),
(7, 6, 7, 7, 7),
(7, 6, 7, 6, 7),
(7, 6, 7, 5, 7),
(7, 6, 7, 4, 7),
(7, 6, 7, 3, 7),
(7, 6, 7, 2, 7),
(7, 6, 7, 1, 7),
(7, 6, 6, 7, 7),
(7, 6, 6, 6, 7),
(7, 6, 6, 5, 7),
(7, 6, 6, 4, 7),
(7, 6, 6, 3, 7),
(7, 6, 6, 2, 7),
(7, 6, 6, 1, 7),
(7, 6, 5, 7, 7),
(7, 6, 5, 6, 7),
(7, 6, 5, 5, 7),
(7, 6, 5, 4, 7),
(7, 6, 5, 3, 7),
(7, 6, 5, 2, 7),
(7, 6, 5, 1, 7),
(7, 6, 4, 7, 7),
(7, 6, 4, 6, 7),
(7, 6, 4, 5, 7),
(7, 6, 4, 4, 7),
(7, 6, 4, 3, 7),
(7, 6, 4, 2, 7),
(7, 6, 4, 1, 7),
(7, 6, 3, 7, 7),
(7, 6, 3, 6, 7),
(7, 6, 3, 5, 7),
(7, 6, 3, 4, 7),
(7, 6, 3, 3, 7),
(7, 6, 3, 2, 7),
(7, 6, 3, 1, 7),
(7, 6, 2, 7, 7),
(7, 6, 2, 6, 7),
(7, 6, 2, 5, 7),
(7, 6, 2, 4, 7),
(7, 6, 2, 3, 7),
(7, 6, 2, 2, 7),
(7, 6, 2, 1, 7),
(7, 6, 1, 7, 7),
(7, 6, 1, 6, 7),
(7, 6, 1, 5, 7),
(7, 6, 1, 4, 7),
(7, 6, 1, 3, 7),
(7, 6, 1, 2, 7),
(7, 6, 1, 1, 7),
(7, 5, 7, 7, 14),
(7, 5, 7, 6, 14),
(7, 5, 7, 5, 14),
(7, 5, 7, 4, 14),
(7, 5, 7, 3, 14),
(7, 5, 7, 2, 14),
(7, 5, 7, 1, 14),
(7, 5, 6, 7, 14),
(7, 5, 6, 6, 14),
(7, 5, 6, 5, 14),
(7, 5, 6, 4, 14),
(7, 5, 6, 3, 14),
(7, 5, 6, 2, 14),
(7, 5, 6, 1, 14),
(7, 5, 5, 7, 14),
(7, 5, 5, 6, 14),
(7, 5, 5, 5, 14),
(7, 5, 5, 4, 14),
(7, 5, 5, 3, 14),
(7, 5, 5, 2, 14),
(7, 5, 5, 1, 14),
(7, 5, 4, 7, 14),
(7, 5, 4, 6, 14),
(7, 5, 4, 5, 14),
(7, 5, 4, 4, 14),
(7, 5, 4, 3, 14),
(7, 5, 4, 2, 14),
(7, 5, 4, 1, 14),
(7, 5, 3, 7, 14),
(7, 5, 3, 6, 14),
(7, 5, 3, 5, 14),
(7, 5, 3, 4, 14),
(7, 5, 3, 3, 14),
(7, 5, 3, 2, 14),
(7, 5, 3, 1, 14),
(7, 5, 2, 7, 14),
(7, 5, 2, 6, 14),
(7, 5, 2, 5, 14),
(7, 5, 2, 4, 14),
(7, 5, 2, 3, 14),
(7, 5, 2, 2, 14),
(7, 5, 2, 1, 14),
(7, 5, 1, 7, 14),
(7, 5, 1, 6, 14),
(7, 5, 1, 5, 14),
(7, 5, 1, 4, 14),
(7, 5, 1, 3, 14),
(7, 5, 1, 2, 14),
(7, 5, 1, 1, 14),
(7, 4, 7, 7, 7),
(7, 4, 7, 6, 7),
(7, 4, 7, 5, 7),
(7, 4, 7, 4, 7),
(7, 4, 7, 3, 7),
(7, 4, 7, 2, 7),
(7, 4, 7, 1, 7),
(7, 4, 6, 7, 7),
(7, 4, 6, 6, 7),
(7, 4, 6, 5, 7),
(7, 4, 6, 4, 7),
(7, 4, 6, 3, 7),
(7, 4, 6, 2, 7),
(7, 4, 6, 1, 7),
(7, 4, 5, 7, 7),
(7, 4, 5, 6, 7),
(7, 4, 5, 5, 7),
(7, 4, 5, 4, 7),
(7, 4, 5, 3, 7),
(7, 4, 5, 2, 7),
(7, 4, 5, 1, 7),
(7, 4, 4, 7, 7),
(7, 4, 4, 6, 7),
(7, 4, 4, 5, 7),
(7, 4, 4, 4, 7),
(7, 4, 4, 3, 7),
(7, 4, 4, 2, 7),
(7, 4, 4, 1, 7),
(7, 4, 3, 7, 7),
(7, 4, 3, 6, 7),
(7, 4, 3, 5, 7),
(7, 4, 3, 4, 7),
(7, 4, 3, 3, 7),
(7, 4, 3, 2, 7),
(7, 4, 3, 1, 7),
(7, 4, 2, 7, 7),
(7, 4, 2, 6, 7),
(7, 4, 2, 5, 7),
(7, 4, 2, 4, 7),
(7, 4, 2, 3, 7),
(7, 4, 2, 2, 7),
(7, 4, 2, 1, 7),
(7, 4, 1, 7, 7),
(7, 4, 1, 6, 7),
(7, 4, 1, 5, 7),
(7, 4, 1, 4, 7),
(7, 4, 1, 3, 7),
(7, 4, 1, 2, 7),
(7, 4, 1, 1, 7),
(7, 3, 7, 7, 14),
(7, 3, 7, 6, 14),
(7, 3, 7, 5, 14),
(7, 3, 7, 4, 14),
(7, 3, 7, 3, 14),
(7, 3, 7, 2, 14),
(7, 3, 7, 1, 14),
(7, 3, 6, 7, 14),
(7, 3, 6, 6, 14),
(7, 3, 6, 5, 14),
(7, 3, 6, 4, 14),
(7, 3, 6, 3, 14),
(7, 3, 6, 2, 14),
(7, 3, 6, 1, 14),
(7, 3, 5, 7, 14),
(7, 3, 5, 6, 14),
(7, 3, 5, 5, 14),
(7, 3, 5, 4, 14),
(7, 3, 5, 3, 14),
(7, 3, 5, 2, 14),
(7, 3, 5, 1, 14),
(7, 3, 4, 7, 14),
(7, 3, 4, 6, 14),
(7, 3, 4, 5, 14),
(7, 3, 4, 4, 14),
(7, 3, 4, 3, 14),
(7, 3, 4, 2, 14),
(7, 3, 4, 1, 14),
(7, 3, 3, 7, 14),
(7, 3, 3, 6, 14),
(7, 3, 3, 5, 14),
(7, 3, 3, 4, 14),
(7, 3, 3, 3, 14),
(7, 3, 3, 2, 14),
(7, 3, 3, 1, 14),
(7, 3, 2, 7, 14),
(7, 3, 2, 6, 14),
(7, 3, 2, 5, 14),
(7, 3, 2, 4, 14),
(7, 3, 2, 3, 14),
(7, 3, 2, 2, 14),
(7, 3, 2, 1, 14),
(7, 3, 1, 7, 14),
(7, 3, 1, 6, 14),
(7, 3, 1, 5, 14),
(7, 3, 1, 4, 14),
(7, 3, 1, 3, 14),
(7, 3, 1, 2, 14),
(7, 3, 1, 1, 14),
(7, 2, 7, 7, 7),
(7, 2, 7, 6, 7),
(7, 2, 7, 5, 7),
(7, 2, 7, 4, 7),
(7, 2, 7, 3, 7),
(7, 2, 7, 2, 7),
(7, 2, 7, 1, 7),
(7, 2, 6, 7, 7),
(7, 2, 6, 6, 7),
(7, 2, 6, 5, 7),
(7, 2, 6, 4, 7),
(7, 2, 6, 3, 7),
(7, 2, 6, 2, 7),
(7, 2, 6, 1, 7),
(7, 2, 5, 7, 7),
(7, 2, 5, 6, 7),
(7, 2, 5, 5, 7),
(7, 2, 5, 4, 7),
(7, 2, 5, 3, 7),
(7, 2, 5, 2, 7),
(7, 2, 5, 1, 7),
(7, 2, 4, 7, 7),
(7, 2, 4, 6, 7),
(7, 2, 4, 5, 7),
(7, 2, 4, 4, 7),
(7, 2, 4, 3, 7),
(7, 2, 4, 2, 7),
(7, 2, 4, 1, 7),
(7, 2, 3, 7, 7),
(7, 2, 3, 6, 7),
(7, 2, 3, 5, 7),
(7, 2, 3, 4, 7),
(7, 2, 3, 3, 7),
(7, 2, 3, 2, 7),
(7, 2, 3, 1, 7),
(7, 2, 2, 7, 7),
(7, 2, 2, 6, 7),
(7, 2, 2, 5, 7),
(7, 2, 2, 4, 7),
(7, 2, 2, 3, 7),
(7, 2, 2, 2, 7),
(7, 2, 2, 1, 7),
(7, 2, 1, 7, 7),
(7, 2, 1, 6, 7),
(7, 2, 1, 5, 7),
(7, 2, 1, 4, 7),
(7, 2, 1, 3, 7),
(7, 2, 1, 2, 7),
(7, 2, 1, 1, 7),
(7, 1, 7, 7, 14),
(7, 1, 7, 6, 14),
(7, 1, 7, 5, 14),
(7, 1, 7, 4, 14),
(7, 1, 7, 3, 14),
(7, 1, 7, 2, 14),
(7, 1, 7, 1, 14),
(7, 1, 6, 7, 14),
(7, 1, 6, 6, 14),
(7, 1, 6, 5, 14),
(7, 1, 6, 4, 14),
(7, 1, 6, 3, 14),
(7, 1, 6, 2, 14),
(7, 1, 6, 1, 14),
(7, 1, 5, 7, 14),
(7, 1, 5, 6, 14),
(7, 1, 5, 5, 14),
(7, 1, 5, 4, 14),
(7, 1, 5, 3, 14),
(7, 1, 5, 2, 14),
(7, 1, 5, 1, 14),
(7, 1, 4, 7, 14),
(7, 1, 4, 6, 14),
(7, 1, 4, 5, 14),
(7, 1, 4, 4, 14),
(7, 1, 4, 3, 14),
(7, 1, 4, 2, 14),
(7, 1, 4, 1, 14),
(7, 1, 3, 7, 14),
(7, 1, 3, 6, 14),
(7, 1, 3, 5, 14),
(7, 1, 3, 4, 14),
(7, 1, 3, 3, 14),
(7, 1, 3, 2, 14),
(7, 1, 3, 1, 14),
(7, 1, 2, 7, 14),
(7, 1, 2, 6, 14),
(7, 1, 2, 5, 14),
(7, 1, 2, 4, 14),
(7, 1, 2, 3, 14),
(7, 1, 2, 2, 14),
(7, 1, 2, 1, 14),
(7, 1, 1, 7, 14),
(7, 1, 1, 6, 14),
(7, 1, 1, 5, 14),
(7, 1, 1, 4, 14),
(7, 1, 1, 3, 14),
(7, 1, 1, 2, 14),
(7, 1, 1, 1, 14),
(6, 7, 7, 7, 13),
(6, 7, 7, 6, 13),
(6, 7, 7, 5, 13),
(6, 7, 7, 4, 13),
(6, 7, 7, 3, 13),
(6, 7, 7, 2, 13),
(6, 7, 7, 1, 13),
(6, 7, 6, 7, 13),
(6, 7, 6, 6, 13),
(6, 7, 6, 5, 13),
(6, 7, 6, 4, 13),
(6, 7, 6, 3, 13),
(6, 7, 6, 2, 13),
(6, 7, 6, 1, 13),
(6, 7, 5, 7, 13),
(6, 7, 5, 6, 13),
(6, 7, 5, 5, 13),
(6, 7, 5, 4, 13),
(6, 7, 5, 3, 13),
(6, 7, 5, 2, 13),
(6, 7, 5, 1, 13),
(6, 7, 4, 7, 13),
(6, 7, 4, 6, 13),
(6, 7, 4, 5, 13),
(6, 7, 4, 4, 13),
(6, 7, 4, 3, 13),
(6, 7, 4, 2, 13),
(6, 7, 4, 1, 13),
(6, 7, 3, 7, 13),
(6, 7, 3, 6, 13),
(6, 7, 3, 5, 13),
(6, 7, 3, 4, 13),
(6, 7, 3, 3, 13),
(6, 7, 3, 2, 13),
(6, 7, 3, 1, 13),
(6, 7, 2, 7, 13),
(6, 7, 2, 6, 13),
(6, 7, 2, 5, 13),
(6, 7, 2, 4, 13),
(6, 7, 2, 3, 13),
(6, 7, 2, 2, 13),
(6, 7, 2, 1, 13),
(6, 7, 1, 7, 13),
(6, 7, 1, 6, 13),
(6, 7, 1, 5, 13),
(6, 7, 1, 4, 13),
(6, 7, 1, 3, 13),
(6, 7, 1, 2, 13),
(6, 7, 1, 1, 13),
(6, 6, 7, 7, 6),
(6, 6, 7, 6, 6),
(6, 6, 7, 5, 6),
(6, 6, 7, 4, 6),
(6, 6, 7, 3, 6),
(6, 6, 7, 2, 6),
(6, 6, 7, 1, 6),
(6, 6, 6, 7, 6),
(6, 6, 6, 6, 6),
(6, 6, 6, 5, 6),
(6, 6, 6, 4, 6),
(6, 6, 6, 3, 6),
(6, 6, 6, 2, 6),
(6, 6, 6, 1, 6),
(6, 6, 5, 7, 6),
(6, 6, 5, 6, 6),
(6, 6, 5, 5, 6),
(6, 6, 5, 4, 6),
(6, 6, 5, 3, 6),
(6, 6, 5, 2, 6),
(6, 6, 5, 1, 6),
(6, 6, 4, 7, 6),
(6, 6, 4, 6, 6),
(6, 6, 4, 5, 6),
(6, 6, 4, 4, 6),
(6, 6, 4, 3, 6),
(6, 6, 4, 2, 6),
(6, 6, 4, 1, 6),
(6, 6, 3, 7, 6),
(6, 6, 3, 6, 6),
(6, 6, 3, 5, 6),
(6, 6, 3, 4, 6),
(6, 6, 3, 3, 6),
(6, 6, 3, 2, 6),
(6, 6, 3, 1, 6),
(6, 6, 2, 7, 6),
(6, 6, 2, 6, 6),
(6, 6, 2, 5, 6),
(6, 6, 2, 4, 6),
(6, 6, 2, 3, 6),
(6, 6, 2, 2, 6),
(6, 6, 2, 1, 6),
(6, 6, 1, 7, 6),
(6, 6, 1, 6, 6),
(6, 6, 1, 5, 6),
(6, 6, 1, 4, 6),
(6, 6, 1, 3, 6),
(6, 6, 1, 2, 6),
(6, 6, 1, 1, 6),
(6, 5, 7, 7, 13),
(6, 5, 7, 6, 13),
(6, 5, 7, 5, 13),
(6, 5, 7, 4, 13),
(6, 5, 7, 3, 13),
(6, 5, 7, 2, 13),
(6, 5, 7, 1, 13),
(6, 5, 6, 7, 13),
(6, 5, 6, 6, 13),
(6, 5, 6, 5, 13),
(6, 5, 6, 4, 13),
(6, 5, 6, 3, 13),
(6, 5, 6, 2, 13),
(6, 5, 6, 1, 13),
(6, 5, 5, 7, 13),
(6, 5, 5, 6, 13),
(6, 5, 5, 5, 13),
(6, 5, 5, 4, 13),
(6, 5, 5, 3, 13),
(6, 5, 5, 2, 13),
(6, 5, 5, 1, 13),
(6, 5, 4, 7, 13),
(6, 5, 4, 6, 13),
(6, 5, 4, 5, 13),
(6, 5, 4, 4, 13),
(6, 5, 4, 3, 13),
(6, 5, 4, 2, 13),
(6, 5, 4, 1, 13),
(6, 5, 3, 7, 13),
(6, 5, 3, 6, 13),
(6, 5, 3, 5, 13),
(6, 5, 3, 4, 13),
(6, 5, 3, 3, 13),
(6, 5, 3, 2, 13),
(6, 5, 3, 1, 13),
(6, 5, 2, 7, 13),
(6, 5, 2, 6, 13),
(6, 5, 2, 5, 13),
(6, 5, 2, 4, 13),
(6, 5, 2, 3, 13),
(6, 5, 2, 2, 13),
(6, 5, 2, 1, 13),
(6, 5, 1, 7, 13),
(6, 5, 1, 6, 13),
(6, 5, 1, 5, 13),
(6, 5, 1, 4, 13),
(6, 5, 1, 3, 13),
(6, 5, 1, 2, 13),
(6, 5, 1, 1, 13),
(6, 4, 7, 7, 6),
(6, 4, 7, 6, 6),
(6, 4, 7, 5, 6),
(6, 4, 7, 4, 6),
(6, 4, 7, 3, 6),
(6, 4, 7, 2, 6),
(6, 4, 7, 1, 6),
(6, 4, 6, 7, 6),
(6, 4, 6, 6, 6),
(6, 4, 6, 5, 6),
(6, 4, 6, 4, 6),
(6, 4, 6, 3, 6),
(6, 4, 6, 2, 6),
(6, 4, 6, 1, 6),
(6, 4, 5, 7, 6),
(6, 4, 5, 6, 6),
(6, 4, 5, 5, 6),
(6, 4, 5, 4, 6),
(6, 4, 5, 3, 6),
(6, 4, 5, 2, 6),
(6, 4, 5, 1, 6),
(6, 4, 4, 7, 6),
(6, 4, 4, 6, 6),
(6, 4, 4, 5, 6),
(6, 4, 4, 4, 6),
(6, 4, 4, 3, 6),
(6, 4, 4, 2, 6),
(6, 4, 4, 1, 6),
(6, 4, 3, 7, 6),
(6, 4, 3, 6, 6),
(6, 4, 3, 5, 6),
(6, 4, 3, 4, 6),
(6, 4, 3, 3, 6),
(6, 4, 3, 2, 6),
(6, 4, 3, 1, 6),
(6, 4, 2, 7, 6),
(6, 4, 2, 6, 6),
(6, 4, 2, 5, 6),
(6, 4, 2, 4, 6),
(6, 4, 2, 3, 6),
(6, 4, 2, 2, 6),
(6, 4, 2, 1, 6),
(6, 4, 1, 7, 6),
(6, 4, 1, 6, 6),
(6, 4, 1, 5, 6),
(6, 4, 1, 4, 6),
(6, 4, 1, 3, 6),
(6, 4, 1, 2, 6),
(6, 4, 1, 1, 6),
(6, 3, 7, 7, 13),
(6, 3, 7, 6, 13),
(6, 3, 7, 5, 13),
(6, 3, 7, 4, 13),
(6, 3, 7, 3, 13),
(6, 3, 7, 2, 13),
(6, 3, 7, 1, 13),
(6, 3, 6, 7, 13),
(6, 3, 6, 6, 13),
(6, 3, 6, 5, 13),
(6, 3, 6, 4, 13),
(6, 3, 6, 3, 13),
(6, 3, 6, 2, 13),
(6, 3, 6, 1, 13),
(6, 3, 5, 7, 13),
(6, 3, 5, 6, 13),
(6, 3, 5, 5, 13),
(6, 3, 5, 4, 13),
(6, 3, 5, 3, 13),
(6, 3, 5, 2, 13),
(6, 3, 5, 1, 13),
(6, 3, 4, 7, 13),
(6, 3, 4, 6, 13),
(6, 3, 4, 5, 13),
(6, 3, 4, 4, 13),
(6, 3, 4, 3, 13),
(6, 3, 4, 2, 13),
(6, 3, 4, 1, 13),
(6, 3, 3, 7, 13),
(6, 3, 3, 6, 13),
(6, 3, 3, 5, 13),
(6, 3, 3, 4, 13),
(6, 3, 3, 3, 13),
(6, 3, 3, 2, 13),
(6, 3, 3, 1, 13),
(6, 3, 2, 7, 13),
(6, 3, 2, 6, 13),
(6, 3, 2, 5, 13),
(6, 3, 2, 4, 13),
(6, 3, 2, 3, 13),
(6, 3, 2, 2, 13),
(6, 3, 2, 1, 13),
(6, 3, 1, 7, 13),
(6, 3, 1, 6, 13),
(6, 3, 1, 5, 13),
(6, 3, 1, 4, 13),
(6, 3, 1, 3, 13),
(6, 3, 1, 2, 13),
(6, 3, 1, 1, 13),
(6, 2, 7, 7, 6),
(6, 2, 7, 6, 6),
(6, 2, 7, 5, 6),
(6, 2, 7, 4, 6),
(6, 2, 7, 3, 6),
(6, 2, 7, 2, 6),
(6, 2, 7, 1, 6),
(6, 2, 6, 7, 6),
(6, 2, 6, 6, 6),
(6, 2, 6, 5, 6),
(6, 2, 6, 4, 6),
(6, 2, 6, 3, 6),
(6, 2, 6, 2, 6),
(6, 2, 6, 1, 6),
(6, 2, 5, 7, 6),
(6, 2, 5, 6, 6),
(6, 2, 5, 5, 6),
(6, 2, 5, 4, 6),
(6, 2, 5, 3, 6),
(6, 2, 5, 2, 6),
(6, 2, 5, 1, 6),
(6, 2, 4, 7, 6),
(6, 2, 4, 6, 6),
(6, 2, 4, 5, 6),
(6, 2, 4, 4, 6),
(6, 2, 4, 3, 6),
(6, 2, 4, 2, 6),
(6, 2, 4, 1, 6),
(6, 2, 3, 7, 6),
(6, 2, 3, 6, 6),
(6, 2, 3, 5, 6),
(6, 2, 3, 4, 6),
(6, 2, 3, 3, 6),
(6, 2, 3, 2, 6),
(6, 2, 3, 1, 6),
(6, 2, 2, 7, 6),
(6, 2, 2, 6, 6),
(6, 2, 2, 5, 6),
(6, 2, 2, 4, 6),
(6, 2, 2, 3, 6),
(6, 2, 2, 2, 6),
(6, 2, 2, 1, 6),
(6, 2, 1, 7, 6),
(6, 2, 1, 6, 6),
(6, 2, 1, 5, 6),
(6, 2, 1, 4, 6),
(6, 2, 1, 3, 6),
(6, 2, 1, 2, 6),
(6, 2, 1, 1, 6),
(6, 1, 7, 7, 13),
(6, 1, 7, 6, 13),
(6, 1, 7, 5, 13),
(6, 1, 7, 4, 13),
(6, 1, 7, 3, 13),
(6, 1, 7, 2, 13),
(6, 1, 7, 1, 13),
(6, 1, 6, 7, 13),
(6, 1, 6, 6, 13),
(6, 1, 6, 5, 13),
(6, 1, 6, 4, 13),
(6, 1, 6, 3, 13),
(6, 1, 6, 2, 13),
(6, 1, 6, 1, 13),
(6, 1, 5, 7, 13),
(6, 1, 5, 6, 13),
(6, 1, 5, 5, 13),
(6, 1, 5, 4, 13),
(6, 1, 5, 3, 13),
(6, 1, 5, 2, 13),
(6, 1, 5, 1, 13),
(6, 1, 4, 7, 13),
(6, 1, 4, 6, 13),
(6, 1, 4, 5, 13),
(6, 1, 4, 4, 13),
(6, 1, 4, 3, 13),
(6, 1, 4, 2, 13),
(6, 1, 4, 1, 13),
(6, 1, 3, 7, 13),
(6, 1, 3, 6, 13),
(6, 1, 3, 5, 13),
(6, 1, 3, 4, 13),
(6, 1, 3, 3, 13),
(6, 1, 3, 2, 13),
(6, 1, 3, 1, 13),
(6, 1, 2, 7, 13),
(6, 1, 2, 6, 13),
(6, 1, 2, 5, 13),
(6, 1, 2, 4, 13),
(6, 1, 2, 3, 13),
(6, 1, 2, 2, 13),
(6, 1, 2, 1, 13),
(6, 1, 1, 7, 13),
(6, 1, 1, 6, 13),
(6, 1, 1, 5, 13),
(6, 1, 1, 4, 13),
(6, 1, 1, 3, 13),
(6, 1, 1, 2, 13),
(6, 1, 1, 1, 13),
(5, 7, 7, 7, 12),
(5, 7, 7, 6, 12),
(5, 7, 7, 5, 12),
(5, 7, 7, 4, 12),
(5, 7, 7, 3, 12),
(5, 7, 7, 2, 12),
(5, 7, 7, 1, 12),
(5, 7, 6, 7, 12),
(5, 7, 6, 6, 12),
(5, 7, 6, 5, 12),
(5, 7, 6, 4, 12),
(5, 7, 6, 3, 12),
(5, 7, 6, 2, 12),
(5, 7, 6, 1, 12),
(5, 7, 5, 7, 12),
(5, 7, 5, 6, 12),
(5, 7, 5, 5, 12),
(5, 7, 5, 4, 12),
(5, 7, 5, 3, 12),
(5, 7, 5, 2, 12),
(5, 7, 5, 1, 12),
(5, 7, 4, 7, 12),
(5, 7, 4, 6, 12),
(5, 7, 4, 5, 12),
(5, 7, 4, 4, 12),
(5, 7, 4, 3, 12),
(5, 7, 4, 2, 12),
(5, 7, 4, 1, 12),
(5, 7, 3, 7, 12),
(5, 7, 3, 6, 12),
(5, 7, 3, 5, 12),
(5, 7, 3, 4, 12),
(5, 7, 3, 3, 12),
(5, 7, 3, 2, 12),
(5, 7, 3, 1, 12),
(5, 7, 2, 7, 12),
(5, 7, 2, 6, 12),
(5, 7, 2, 5, 12),
(5, 7, 2, 4, 12),
(5, 7, 2, 3, 12),
(5, 7, 2, 2, 12),
(5, 7, 2, 1, 12),
(5, 7, 1, 7, 12),
(5, 7, 1, 6, 12),
(5, 7, 1, 5, 12),
(5, 7, 1, 4, 12),
(5, 7, 1, 3, 12),
(5, 7, 1, 2, 12),
(5, 7, 1, 1, 12),
(5, 6, 7, 7, 5),
(5, 6, 7, 6, 5),
(5, 6, 7, 5, 5),
(5, 6, 7, 4, 5),
(5, 6, 7, 3, 5),
(5, 6, 7, 2, 5),
(5, 6, 7, 1, 5),
(5, 6, 6, 7, 5),
(5, 6, 6, 6, 5),
(5, 6, 6, 5, 5),
(5, 6, 6, 4, 5),
(5, 6, 6, 3, 5),
(5, 6, 6, 2, 5),
(5, 6, 6, 1, 5),
(5, 6, 5, 7, 5),
(5, 6, 5, 6, 5),
(5, 6, 5, 5, 5),
(5, 6, 5, 4, 5),
(5, 6, 5, 3, 5),
(5, 6, 5, 2, 5),
(5, 6, 5, 1, 5),
(5, 6, 4, 7, 5),
(5, 6, 4, 6, 5),
(5, 6, 4, 5, 5),
(5, 6, 4, 4, 5),
(5, 6, 4, 3, 5),
(5, 6, 4, 2, 5),
(5, 6, 4, 1, 5),
(5, 6, 3, 7, 5),
(5, 6, 3, 6, 5),
(5, 6, 3, 5, 5),
(5, 6, 3, 4, 5),
(5, 6, 3, 3, 5),
(5, 6, 3, 2, 5),
(5, 6, 3, 1, 5),
(5, 6, 2, 7, 5),
(5, 6, 2, 6, 5),
(5, 6, 2, 5, 5),
(5, 6, 2, 4, 5),
(5, 6, 2, 3, 5),
(5, 6, 2, 2, 5),
(5, 6, 2, 1, 5),
(5, 6, 1, 7, 5),
(5, 6, 1, 6, 5),
(5, 6, 1, 5, 5),
(5, 6, 1, 4, 5),
(5, 6, 1, 3, 5),
(5, 6, 1, 2, 5),
(5, 6, 1, 1, 5),
(5, 5, 7, 7, 12),
(5, 5, 7, 6, 12),
(5, 5, 7, 5, 12),
(5, 5, 7, 4, 12),
(5, 5, 7, 3, 12),
(5, 5, 7, 2, 12),
(5, 5, 7, 1, 12),
(5, 5, 6, 7, 12),
(5, 5, 6, 6, 12),
(5, 5, 6, 5, 12),
(5, 5, 6, 4, 12),
(5, 5, 6, 3, 12),
(5, 5, 6, 2, 12),
(5, 5, 6, 1, 12),
(5, 5, 5, 7, 12),
(5, 5, 5, 6, 12),
(5, 5, 5, 5, 12),
(5, 5, 5, 4, 12),
(5, 5, 5, 3, 12),
(5, 5, 5, 2, 12),
(5, 5, 5, 1, 12),
(5, 5, 4, 7, 12),
(5, 5, 4, 6, 12),
(5, 5, 4, 5, 12),
(5, 5, 4, 4, 12),
(5, 5, 4, 3, 12),
(5, 5, 4, 2, 12),
(5, 5, 4, 1, 12),
(5, 5, 3, 7, 12),
(5, 5, 3, 6, 12),
(5, 5, 3, 5, 12),
(5, 5, 3, 4, 12),
(5, 5, 3, 3, 12),
(5, 5, 3, 2, 12),
(5, 5, 3, 1, 12),
(5, 5, 2, 7, 12),
(5, 5, 2, 6, 12),
(5, 5, 2, 5, 12),
(5, 5, 2, 4, 12),
(5, 5, 2, 3, 12),
(5, 5, 2, 2, 12),
(5, 5, 2, 1, 12),
(5, 5, 1, 7, 12),
(5, 5, 1, 6, 12),
(5, 5, 1, 5, 12),
(5, 5, 1, 4, 12),
(5, 5, 1, 3, 12),
(5, 5, 1, 2, 12),
(5, 5, 1, 1, 12),
(5, 4, 7, 7, 5),
(5, 4, 7, 6, 5),
(5, 4, 7, 5, 5),
(5, 4, 7, 4, 5),
(5, 4, 7, 3, 5),
(5, 4, 7, 2, 5),
(5, 4, 7, 1, 5),
(5, 4, 6, 7, 5),
(5, 4, 6, 6, 5),
(5, 4, 6, 5, 5),
(5, 4, 6, 4, 5),
(5, 4, 6, 3, 5),
(5, 4, 6, 2, 5),
(5, 4, 6, 1, 5),
(5, 4, 5, 7, 5),
(5, 4, 5, 6, 5),
(5, 4, 5, 5, 5),
(5, 4, 5, 4, 5),
(5, 4, 5, 3, 5),
(5, 4, 5, 2, 5),
(5, 4, 5, 1, 5),
(5, 4, 4, 7, 5),
(5, 4, 4, 6, 5),
(5, 4, 4, 5, 5),
(5, 4, 4, 4, 5),
(5, 4, 4, 3, 5),
(5, 4, 4, 2, 5),
(5, 4, 4, 1, 5),
(5, 4, 3, 7, 5),
(5, 4, 3, 6, 5),
(5, 4, 3, 5, 5),
(5, 4, 3, 4, 5),
(5, 4, 3, 3, 5),
(5, 4, 3, 2, 5),
(5, 4, 3, 1, 5),
(5, 4, 2, 7, 5),
(5, 4, 2, 6, 5),
(5, 4, 2, 5, 5),
(5, 4, 2, 4, 5),
(5, 4, 2, 3, 5),
(5, 4, 2, 2, 5),
(5, 4, 2, 1, 5),
(5, 4, 1, 7, 5),
(5, 4, 1, 6, 5),
(5, 4, 1, 5, 5),
(5, 4, 1, 4, 5),
(5, 4, 1, 3, 5),
(5, 4, 1, 2, 5),
(5, 4, 1, 1, 5),
(5, 3, 7, 7, 12),
(5, 3, 7, 6, 12),
(5, 3, 7, 5, 12),
(5, 3, 7, 4, 12),
(5, 3, 7, 3, 12),
(5, 3, 7, 2, 12),
(5, 3, 7, 1, 12),
(5, 3, 6, 7, 12),
(5, 3, 6, 6, 12),
(5, 3, 6, 5, 12),
(5, 3, 6, 4, 12),
(5, 3, 6, 3, 12),
(5, 3, 6, 2, 12),
(5, 3, 6, 1, 12),
(5, 3, 5, 7, 12),
(5, 3, 5, 6, 12),
(5, 3, 5, 5, 12),
(5, 3, 5, 4, 12),
(5, 3, 5, 3, 12),
(5, 3, 5, 2, 12),
(5, 3, 5, 1, 12),
(5, 3, 4, 7, 12),
(5, 3, 4, 6, 12),
(5, 3, 4, 5, 12),
(5, 3, 4, 4, 12),
(5, 3, 4, 3, 12),
(5, 3, 4, 2, 12),
(5, 3, 4, 1, 12),
(5, 3, 3, 7, 12),
(5, 3, 3, 6, 12),
(5, 3, 3, 5, 12),
(5, 3, 3, 4, 12),
(5, 3, 3, 3, 12),
(5, 3, 3, 2, 12),
(5, 3, 3, 1, 12),
(5, 3, 2, 7, 12),
(5, 3, 2, 6, 12),
(5, 3, 2, 5, 12),
(5, 3, 2, 4, 12),
(5, 3, 2, 3, 12),
(5, 3, 2, 2, 12),
(5, 3, 2, 1, 12),
(5, 3, 1, 7, 12),
(5, 3, 1, 6, 12),
(5, 3, 1, 5, 12),
(5, 3, 1, 4, 12),
(5, 3, 1, 3, 12),
(5, 3, 1, 2, 12),
(5, 3, 1, 1, 12),
(5, 2, 7, 7, 5),
(5, 2, 7, 6, 5),
(5, 2, 7, 5, 5),
(5, 2, 7, 4, 5),
(5, 2, 7, 3, 5),
(5, 2, 7, 2, 5),
(5, 2, 7, 1, 5),
(5, 2, 6, 7, 5),
(5, 2, 6, 6, 5),
(5, 2, 6, 5, 5),
(5, 2, 6, 4, 5),
(5, 2, 6, 3, 5),
(5, 2, 6, 2, 5),
(5, 2, 6, 1, 5),
(5, 2, 5, 7, 5),
(5, 2, 5, 6, 5),
(5, 2, 5, 5, 5),
(5, 2, 5, 4, 5),
(5, 2, 5, 3, 5),
(5, 2, 5, 2, 5),
(5, 2, 5, 1, 5),
(5, 2, 4, 7, 5),
(5, 2, 4, 6, 5),
(5, 2, 4, 5, 5),
(5, 2, 4, 4, 5),
(5, 2, 4, 3, 5),
(5, 2, 4, 2, 5),
(5, 2, 4, 1, 5),
(5, 2, 3, 7, 5),
(5, 2, 3, 6, 5),
(5, 2, 3, 5, 5),
(5, 2, 3, 4, 5),
(5, 2, 3, 3, 5),
(5, 2, 3, 2, 5),
(5, 2, 3, 1, 5),
(5, 2, 2, 7, 5),
(5, 2, 2, 6, 5),
(5, 2, 2, 5, 5),
(5, 2, 2, 4, 5),
(5, 2, 2, 3, 5),
(5, 2, 2, 2, 5),
(5, 2, 2, 1, 5),
(5, 2, 1, 7, 5),
(5, 2, 1, 6, 5),
(5, 2, 1, 5, 5),
(5, 2, 1, 4, 5),
(5, 2, 1, 3, 5),
(5, 2, 1, 2, 5),
(5, 2, 1, 1, 5),
(5, 1, 7, 7, 12),
(5, 1, 7, 6, 12),
(5, 1, 7, 5, 12),
(5, 1, 7, 4, 12),
(5, 1, 7, 3, 12),
(5, 1, 7, 2, 12),
(5, 1, 7, 1, 12),
(5, 1, 6, 7, 12),
(5, 1, 6, 6, 12),
(5, 1, 6, 5, 12),
(5, 1, 6, 4, 12),
(5, 1, 6, 3, 12),
(5, 1, 6, 2, 12),
(5, 1, 6, 1, 12),
(5, 1, 5, 7, 12),
(5, 1, 5, 6, 12),
(5, 1, 5, 5, 12),
(5, 1, 5, 4, 12),
(5, 1, 5, 3, 12),
(5, 1, 5, 2, 12),
(5, 1, 5, 1, 12),
(5, 1, 4, 7, 12),
(5, 1, 4, 6, 12),
(5, 1, 4, 5, 12),
(5, 1, 4, 4, 12),
(5, 1, 4, 3, 12),
(5, 1, 4, 2, 12),
(5, 1, 4, 1, 12),
(5, 1, 3, 7, 12),
(5, 1, 3, 6, 12),
(5, 1, 3, 5, 12),
(5, 1, 3, 4, 12),
(5, 1, 3, 3, 12),
(5, 1, 3, 2, 12),
(5, 1, 3, 1, 12),
(5, 1, 2, 7, 12),
(5, 1, 2, 6, 12),
(5, 1, 2, 5, 12),
(5, 1, 2, 4, 12),
(5, 1, 2, 3, 12),
(5, 1, 2, 2, 12),
(5, 1, 2, 1, 12),
(5, 1, 1, 7, 12),
(5, 1, 1, 6, 12),
(5, 1, 1, 5, 12),
(5, 1, 1, 4, 12),
(5, 1, 1, 3, 12),
(5, 1, 1, 2, 12),
(5, 1, 1, 1, 12),
(4, 7, 7, 7, 11),
(4, 7, 7, 6, 11),
(4, 7, 7, 5, 11),
(4, 7, 7, 4, 11),
(4, 7, 7, 3, 11),
(4, 7, 7, 2, 11),
(4, 7, 7, 1, 11),
(4, 7, 6, 7, 11),
(4, 7, 6, 6, 11),
(4, 7, 6, 5, 11),
(4, 7, 6, 4, 11),
(4, 7, 6, 3, 11),
(4, 7, 6, 2, 11),
(4, 7, 6, 1, 11),
(4, 7, 5, 7, 11),
(4, 7, 5, 6, 11),
(4, 7, 5, 5, 11),
(4, 7, 5, 4, 11),
(4, 7, 5, 3, 11),
(4, 7, 5, 2, 11),
(4, 7, 5, 1, 11),
(4, 7, 4, 7, 11),
(4, 7, 4, 6, 11),
(4, 7, 4, 5, 11),
(4, 7, 4, 4, 11),
(4, 7, 4, 3, 11),
(4, 7, 4, 2, 11),
(4, 7, 4, 1, 11),
(4, 7, 3, 7, 11),
(4, 7, 3, 6, 11),
(4, 7, 3, 5, 11),
(4, 7, 3, 4, 11),
(4, 7, 3, 3, 11),
(4, 7, 3, 2, 11),
(4, 7, 3, 1, 11),
(4, 7, 2, 7, 11),
(4, 7, 2, 6, 11),
(4, 7, 2, 5, 11),
(4, 7, 2, 4, 11),
(4, 7, 2, 3, 11),
(4, 7, 2, 2, 11),
(4, 7, 2, 1, 11),
(4, 7, 1, 7, 11),
(4, 7, 1, 6, 11),
(4, 7, 1, 5, 11),
(4, 7, 1, 4, 11),
(4, 7, 1, 3, 11),
(4, 7, 1, 2, 11),
(4, 7, 1, 1, 11),
(4, 6, 7, 7, 4),
(4, 6, 7, 6, 4),
(4, 6, 7, 5, 4),
(4, 6, 7, 4, 4),
(4, 6, 7, 3, 4),
(4, 6, 7, 2, 4),
(4, 6, 7, 1, 4),
(4, 6, 6, 7, 4),
(4, 6, 6, 6, 4),
(4, 6, 6, 5, 4),
(4, 6, 6, 4, 4),
(4, 6, 6, 3, 4),
(4, 6, 6, 2, 4),
(4, 6, 6, 1, 4),
(4, 6, 5, 7, 4),
(4, 6, 5, 6, 4),
(4, 6, 5, 5, 4),
(4, 6, 5, 4, 4),
(4, 6, 5, 3, 4),
(4, 6, 5, 2, 4),
(4, 6, 5, 1, 4),
(4, 6, 4, 7, 4),
(4, 6, 4, 6, 4),
(4, 6, 4, 5, 4),
(4, 6, 4, 4, 4),
(4, 6, 4, 3, 4),
(4, 6, 4, 2, 4),
(4, 6, 4, 1, 4),
(4, 6, 3, 7, 4),
(4, 6, 3, 6, 4),
(4, 6, 3, 5, 4),
(4, 6, 3, 4, 4),
(4, 6, 3, 3, 4),
(4, 6, 3, 2, 4),
(4, 6, 3, 1, 4),
(4, 6, 2, 7, 4),
(4, 6, 2, 6, 4),
(4, 6, 2, 5, 4),
(4, 6, 2, 4, 4),
(4, 6, 2, 3, 4),
(4, 6, 2, 2, 4),
(4, 6, 2, 1, 4),
(4, 6, 1, 7, 4),
(4, 6, 1, 6, 4),
(4, 6, 1, 5, 4),
(4, 6, 1, 4, 4),
(4, 6, 1, 3, 4),
(4, 6, 1, 2, 4),
(4, 6, 1, 1, 4),
(4, 5, 7, 7, 11),
(4, 5, 7, 6, 11),
(4, 5, 7, 5, 11),
(4, 5, 7, 4, 11),
(4, 5, 7, 3, 11),
(4, 5, 7, 2, 11),
(4, 5, 7, 1, 11),
(4, 5, 6, 7, 11),
(4, 5, 6, 6, 11),
(4, 5, 6, 5, 11),
(4, 5, 6, 4, 11),
(4, 5, 6, 3, 11),
(4, 5, 6, 2, 11),
(4, 5, 6, 1, 11),
(4, 5, 5, 7, 11),
(4, 5, 5, 6, 11),
(4, 5, 5, 5, 11),
(4, 5, 5, 4, 11),
(4, 5, 5, 3, 11),
(4, 5, 5, 2, 11),
(4, 5, 5, 1, 11),
(4, 5, 4, 7, 11),
(4, 5, 4, 6, 11),
(4, 5, 4, 5, 11),
(4, 5, 4, 4, 11),
(4, 5, 4, 3, 11),
(4, 5, 4, 2, 11),
(4, 5, 4, 1, 11),
(4, 5, 3, 7, 11),
(4, 5, 3, 6, 11),
(4, 5, 3, 5, 11),
(4, 5, 3, 4, 11),
(4, 5, 3, 3, 11),
(4, 5, 3, 2, 11),
(4, 5, 3, 1, 11),
(4, 5, 2, 7, 11),
(4, 5, 2, 6, 11),
(4, 5, 2, 5, 11),
(4, 5, 2, 4, 11),
(4, 5, 2, 3, 11),
(4, 5, 2, 2, 11),
(4, 5, 2, 1, 11),
(4, 5, 1, 7, 11),
(4, 5, 1, 6, 11),
(4, 5, 1, 5, 11),
(4, 5, 1, 4, 11),
(4, 5, 1, 3, 11),
(4, 5, 1, 2, 11),
(4, 5, 1, 1, 11),
(4, 4, 7, 7, 4),
(4, 4, 7, 6, 4),
(4, 4, 7, 5, 4),
(4, 4, 7, 4, 4),
(4, 4, 7, 3, 4),
(4, 4, 7, 2, 4),
(4, 4, 7, 1, 4),
(4, 4, 6, 7, 4),
(4, 4, 6, 6, 4),
(4, 4, 6, 5, 4),
(4, 4, 6, 4, 4),
(4, 4, 6, 3, 4),
(4, 4, 6, 2, 4),
(4, 4, 6, 1, 4),
(4, 4, 5, 7, 4),
(4, 4, 5, 6, 4),
(4, 4, 5, 5, 4),
(4, 4, 5, 4, 4),
(4, 4, 5, 3, 4),
(4, 4, 5, 2, 4),
(4, 4, 5, 1, 4),
(4, 4, 4, 7, 4),
(4, 4, 4, 6, 4),
(4, 4, 4, 5, 4),
(4, 4, 4, 4, 4),
(4, 4, 4, 3, 4),
(4, 4, 4, 2, 4),
(4, 4, 4, 1, 4),
(4, 4, 3, 7, 4),
(4, 4, 3, 6, 4),
(4, 4, 3, 5, 4),
(4, 4, 3, 4, 4),
(4, 4, 3, 3, 4),
(4, 4, 3, 2, 4),
(4, 4, 3, 1, 4),
(4, 4, 2, 7, 4),
(4, 4, 2, 6, 4),
(4, 4, 2, 5, 4),
(4, 4, 2, 4, 4),
(4, 4, 2, 3, 4),
(4, 4, 2, 2, 4),
(4, 4, 2, 1, 4),
(4, 4, 1, 7, 4),
(4, 4, 1, 6, 4),
(4, 4, 1, 5, 4),
(4, 4, 1, 4, 4),
(4, 4, 1, 3, 4),
(4, 4, 1, 2, 4),
(4, 4, 1, 1, 4),
(4, 3, 7, 7, 11),
(4, 3, 7, 6, 11),
(4, 3, 7, 5, 11),
(4, 3, 7, 4, 11),
(4, 3, 7, 3, 11),
(4, 3, 7, 2, 11),
(4, 3, 7, 1, 11),
(4, 3, 6, 7, 11),
(4, 3, 6, 6, 11),
(4, 3, 6, 5, 11),
(4, 3, 6, 4, 11),
(4, 3, 6, 3, 11),
(4, 3, 6, 2, 11),
(4, 3, 6, 1, 11),
(4, 3, 5, 7, 11),
(4, 3, 5, 6, 11),
(4, 3, 5, 5, 11),
(4, 3, 5, 4, 11),
(4, 3, 5, 3, 11),
(4, 3, 5, 2, 11),
(4, 3, 5, 1, 11),
(4, 3, 4, 7, 11),
(4, 3, 4, 6, 11),
(4, 3, 4, 5, 11),
(4, 3, 4, 4, 11),
(4, 3, 4, 3, 11),
(4, 3, 4, 2, 11),
(4, 3, 4, 1, 11),
(4, 3, 3, 7, 11),
(4, 3, 3, 6, 11),
(4, 3, 3, 5, 11),
(4, 3, 3, 4, 11),
(4, 3, 3, 3, 11),
(4, 3, 3, 2, 11),
(4, 3, 3, 1, 11),
(4, 3, 2, 7, 11),
(4, 3, 2, 6, 11),
(4, 3, 2, 5, 11),
(4, 3, 2, 4, 11),
(4, 3, 2, 3, 11),
(4, 3, 2, 2, 11),
(4, 3, 2, 1, 11),
(4, 3, 1, 7, 11),
(4, 3, 1, 6, 11),
(4, 3, 1, 5, 11),
(4, 3, 1, 4, 11),
(4, 3, 1, 3, 11),
(4, 3, 1, 2, 11),
(4, 3, 1, 1, 11),
(4, 2, 7, 7, 4),
(4, 2, 7, 6, 4),
(4, 2, 7, 5, 4),
(4, 2, 7, 4, 4),
(4, 2, 7, 3, 4),
(4, 2, 7, 2, 4),
(4, 2, 7, 1, 4),
(4, 2, 6, 7, 4),
(4, 2, 6, 6, 4),
(4, 2, 6, 5, 4),
(4, 2, 6, 4, 4),
(4, 2, 6, 3, 4),
(4, 2, 6, 2, 4),
(4, 2, 6, 1, 4),
(4, 2, 5, 7, 4),
(4, 2, 5, 6, 4),
(4, 2, 5, 5, 4),
(4, 2, 5, 4, 4),
(4, 2, 5, 3, 4),
(4, 2, 5, 2, 4),
(4, 2, 5, 1, 4),
(4, 2, 4, 7, 4),
(4, 2, 4, 6, 4),
(4, 2, 4, 5, 4),
(4, 2, 4, 4, 4),
(4, 2, 4, 3, 4),
(4, 2, 4, 2, 4),
(4, 2, 4, 1, 4),
(4, 2, 3, 7, 4),
(4, 2, 3, 6, 4),
(4, 2, 3, 5, 4),
(4, 2, 3, 4, 4),
(4, 2, 3, 3, 4),
(4, 2, 3, 2, 4),
(4, 2, 3, 1, 4),
(4, 2, 2, 7, 4),
(4, 2, 2, 6, 4),
(4, 2, 2, 5, 4),
(4, 2, 2, 4, 4),
(4, 2, 2, 3, 4),
(4, 2, 2, 2, 4),
(4, 2, 2, 1, 4),
(4, 2, 1, 7, 4),
(4, 2, 1, 6, 4),
(4, 2, 1, 5, 4),
(4, 2, 1, 4, 4),
(4, 2, 1, 3, 4),
(4, 2, 1, 2, 4),
(4, 2, 1, 1, 4),
(4, 1, 7, 7, 11),
(4, 1, 7, 6, 11),
(4, 1, 7, 5, 11),
(4, 1, 7, 4, 11),
(4, 1, 7, 3, 11),
(4, 1, 7, 2, 11),
(4, 1, 7, 1, 11),
(4, 1, 6, 7, 11),
(4, 1, 6, 6, 11),
(4, 1, 6, 5, 11),
(4, 1, 6, 4, 11),
(4, 1, 6, 3, 11),
(4, 1, 6, 2, 11),
(4, 1, 6, 1, 11),
(4, 1, 5, 7, 11),
(4, 1, 5, 6, 11),
(4, 1, 5, 5, 11),
(4, 1, 5, 4, 11),
(4, 1, 5, 3, 11),
(4, 1, 5, 2, 11),
(4, 1, 5, 1, 11),
(4, 1, 4, 7, 11),
(4, 1, 4, 6, 11),
(4, 1, 4, 5, 11),
(4, 1, 4, 4, 11),
(4, 1, 4, 3, 11),
(4, 1, 4, 2, 11),
(4, 1, 4, 1, 11),
(4, 1, 3, 7, 11),
(4, 1, 3, 6, 11),
(4, 1, 3, 5, 11),
(4, 1, 3, 4, 11),
(4, 1, 3, 3, 11),
(4, 1, 3, 2, 11),
(4, 1, 3, 1, 11),
(4, 1, 2, 7, 11),
(4, 1, 2, 6, 11),
(4, 1, 2, 5, 11),
(4, 1, 2, 4, 11),
(4, 1, 2, 3, 11),
(4, 1, 2, 2, 11),
(4, 1, 2, 1, 11),
(4, 1, 1, 7, 11),
(4, 1, 1, 6, 11),
(4, 1, 1, 5, 11),
(4, 1, 1, 4, 11),
(4, 1, 1, 3, 11),
(4, 1, 1, 2, 11),
(4, 1, 1, 1, 11),
(3, 7, 7, 7, 10),
(3, 7, 7, 6, 10),
(3, 7, 7, 5, 10),
(3, 7, 7, 4, 10),
(3, 7, 7, 3, 10),
(3, 7, 7, 2, 10),
(3, 7, 7, 1, 10),
(3, 7, 6, 7, 10),
(3, 7, 6, 6, 10),
(3, 7, 6, 5, 10),
(3, 7, 6, 4, 10),
(3, 7, 6, 3, 10),
(3, 7, 6, 2, 10),
(3, 7, 6, 1, 10),
(3, 7, 5, 7, 10),
(3, 7, 5, 6, 10),
(3, 7, 5, 5, 10),
(3, 7, 5, 4, 10),
(3, 7, 5, 3, 10),
(3, 7, 5, 2, 10),
(3, 7, 5, 1, 10),
(3, 7, 4, 7, 10),
(3, 7, 4, 6, 10),
(3, 7, 4, 5, 10),
(3, 7, 4, 4, 10),
(3, 7, 4, 3, 10),
(3, 7, 4, 2, 10),
(3, 7, 4, 1, 10),
(3, 7, 3, 7, 10),
(3, 7, 3, 6, 10),
(3, 7, 3, 5, 10),
(3, 7, 3, 4, 10),
(3, 7, 3, 3, 10),
(3, 7, 3, 2, 10),
(3, 7, 3, 1, 10),
(3, 7, 2, 7, 10),
(3, 7, 2, 6, 10),
(3, 7, 2, 5, 10),
(3, 7, 2, 4, 10),
(3, 7, 2, 3, 10),
(3, 7, 2, 2, 10),
(3, 7, 2, 1, 10),
(3, 7, 1, 7, 10),
(3, 7, 1, 6, 10),
(3, 7, 1, 5, 10),
(3, 7, 1, 4, 10),
(3, 7, 1, 3, 10),
(3, 7, 1, 2, 10),
(3, 7, 1, 1, 10),
(3, 6, 7, 7, 3),
(3, 6, 7, 6, 3),
(3, 6, 7, 5, 3),
(3, 6, 7, 4, 3),
(3, 6, 7, 3, 3),
(3, 6, 7, 2, 3),
(3, 6, 7, 1, 3),
(3, 6, 6, 7, 3),
(3, 6, 6, 6, 3),
(3, 6, 6, 5, 3),
(3, 6, 6, 4, 3),
(3, 6, 6, 3, 3),
(3, 6, 6, 2, 3),
(3, 6, 6, 1, 3),
(3, 6, 5, 7, 3),
(3, 6, 5, 6, 3),
(3, 6, 5, 5, 3),
(3, 6, 5, 4, 3),
(3, 6, 5, 3, 3),
(3, 6, 5, 2, 3),
(3, 6, 5, 1, 3),
(3, 6, 4, 7, 3),
(3, 6, 4, 6, 3),
(3, 6, 4, 5, 3),
(3, 6, 4, 4, 3),
(3, 6, 4, 3, 3),
(3, 6, 4, 2, 3),
(3, 6, 4, 1, 3),
(3, 6, 3, 7, 3),
(3, 6, 3, 6, 3),
(3, 6, 3, 5, 3),
(3, 6, 3, 4, 3),
(3, 6, 3, 3, 3),
(3, 6, 3, 2, 3),
(3, 6, 3, 1, 3),
(3, 6, 2, 7, 3),
(3, 6, 2, 6, 3),
(3, 6, 2, 5, 3),
(3, 6, 2, 4, 3),
(3, 6, 2, 3, 3),
(3, 6, 2, 2, 3),
(3, 6, 2, 1, 3),
(3, 6, 1, 7, 3),
(3, 6, 1, 6, 3),
(3, 6, 1, 5, 3),
(3, 6, 1, 4, 3),
(3, 6, 1, 3, 3),
(3, 6, 1, 2, 3),
(3, 6, 1, 1, 3),
(3, 5, 7, 7, 10),
(3, 5, 7, 6, 10),
(3, 5, 7, 5, 10),
(3, 5, 7, 4, 10),
(3, 5, 7, 3, 10),
(3, 5, 7, 2, 10),
(3, 5, 7, 1, 10),
(3, 5, 6, 7, 10),
(3, 5, 6, 6, 10),
(3, 5, 6, 5, 10),
(3, 5, 6, 4, 10),
(3, 5, 6, 3, 10),
(3, 5, 6, 2, 10),
(3, 5, 6, 1, 10),
(3, 5, 5, 7, 10),
(3, 5, 5, 6, 10),
(3, 5, 5, 5, 10),
(3, 5, 5, 4, 10),
(3, 5, 5, 3, 10),
(3, 5, 5, 2, 10),
(3, 5, 5, 1, 10),
(3, 5, 4, 7, 10),
(3, 5, 4, 6, 10),
(3, 5, 4, 5, 10),
(3, 5, 4, 4, 10),
(3, 5, 4, 3, 10),
(3, 5, 4, 2, 10),
(3, 5, 4, 1, 10),
(3, 5, 3, 7, 10),
(3, 5, 3, 6, 10),
(3, 5, 3, 5, 10),
(3, 5, 3, 4, 10),
(3, 5, 3, 3, 10),
(3, 5, 3, 2, 10),
(3, 5, 3, 1, 10),
(3, 5, 2, 7, 10),
(3, 5, 2, 6, 10),
(3, 5, 2, 5, 10),
(3, 5, 2, 4, 10),
(3, 5, 2, 3, 10),
(3, 5, 2, 2, 10),
(3, 5, 2, 1, 10),
(3, 5, 1, 7, 10),
(3, 5, 1, 6, 10),
(3, 5, 1, 5, 10),
(3, 5, 1, 4, 10),
(3, 5, 1, 3, 10),
(3, 5, 1, 2, 10),
(3, 5, 1, 1, 10),
(3, 4, 7, 7, 3),
(3, 4, 7, 6, 3),
(3, 4, 7, 5, 3),
(3, 4, 7, 4, 3),
(3, 4, 7, 3, 3),
(3, 4, 7, 2, 3),
(3, 4, 7, 1, 3),
(3, 4, 6, 7, 3),
(3, 4, 6, 6, 3),
(3, 4, 6, 5, 3),
(3, 4, 6, 4, 3),
(3, 4, 6, 3, 3),
(3, 4, 6, 2, 3),
(3, 4, 6, 1, 3),
(3, 4, 5, 7, 3),
(3, 4, 5, 6, 3),
(3, 4, 5, 5, 3),
(3, 4, 5, 4, 3),
(3, 4, 5, 3, 3),
(3, 4, 5, 2, 3),
(3, 4, 5, 1, 3),
(3, 4, 4, 7, 3),
(3, 4, 4, 6, 3),
(3, 4, 4, 5, 3),
(3, 4, 4, 4, 3),
(3, 4, 4, 3, 3),
(3, 4, 4, 2, 3),
(3, 4, 4, 1, 3),
(3, 4, 3, 7, 3),
(3, 4, 3, 6, 3),
(3, 4, 3, 5, 3),
(3, 4, 3, 4, 3),
(3, 4, 3, 3, 3),
(3, 4, 3, 2, 3),
(3, 4, 3, 1, 3),
(3, 4, 2, 7, 3),
(3, 4, 2, 6, 3),
(3, 4, 2, 5, 3),
(3, 4, 2, 4, 3),
(3, 4, 2, 3, 3),
(3, 4, 2, 2, 3),
(3, 4, 2, 1, 3),
(3, 4, 1, 7, 3),
(3, 4, 1, 6, 3),
(3, 4, 1, 5, 3),
(3, 4, 1, 4, 3),
(3, 4, 1, 3, 3),
(3, 4, 1, 2, 3),
(3, 4, 1, 1, 3),
(3, 3, 7, 7, 10),
(3, 3, 7, 6, 10),
(3, 3, 7, 5, 10),
(3, 3, 7, 4, 10),
(3, 3, 7, 3, 10),
(3, 3, 7, 2, 10),
(3, 3, 7, 1, 10),
(3, 3, 6, 7, 10),
(3, 3, 6, 6, 10),
(3, 3, 6, 5, 10),
(3, 3, 6, 4, 10),
(3, 3, 6, 3, 10),
(3, 3, 6, 2, 10),
(3, 3, 6, 1, 10),
(3, 3, 5, 7, 10),
(3, 3, 5, 6, 10),
(3, 3, 5, 5, 10),
(3, 3, 5, 4, 10),
(3, 3, 5, 3, 10),
(3, 3, 5, 2, 10),
(3, 3, 5, 1, 10),
(3, 3, 4, 7, 10),
(3, 3, 4, 6, 10),
(3, 3, 4, 5, 10),
(3, 3, 4, 4, 10),
(3, 3, 4, 3, 10),
(3, 3, 4, 2, 10),
(3, 3, 4, 1, 10),
(3, 3, 3, 7, 10),
(3, 3, 3, 6, 10),
(3, 3, 3, 5, 10),
(3, 3, 3, 4, 10),
(3, 3, 3, 3, 10),
(3, 3, 3, 2, 10),
(3, 3, 3, 1, 10),
(3, 3, 2, 7, 10),
(3, 3, 2, 6, 10),
(3, 3, 2, 5, 10),
(3, 3, 2, 4, 10),
(3, 3, 2, 3, 10),
(3, 3, 2, 2, 10),
(3, 3, 2, 1, 10),
(3, 3, 1, 7, 10),
(3, 3, 1, 6, 10),
(3, 3, 1, 5, 10),
(3, 3, 1, 4, 10),
(3, 3, 1, 3, 10),
(3, 3, 1, 2, 10),
(3, 3, 1, 1, 10),
(3, 2, 7, 7, 3),
(3, 2, 7, 6, 3),
(3, 2, 7, 5, 3),
(3, 2, 7, 4, 3),
(3, 2, 7, 3, 3),
(3, 2, 7, 2, 3),
(3, 2, 7, 1, 3),
(3, 2, 6, 7, 3),
(3, 2, 6, 6, 3),
(3, 2, 6, 5, 3),
(3, 2, 6, 4, 3),
(3, 2, 6, 3, 3),
(3, 2, 6, 2, 3),
(3, 2, 6, 1, 3),
(3, 2, 5, 7, 3),
(3, 2, 5, 6, 3),
(3, 2, 5, 5, 3),
(3, 2, 5, 4, 3),
(3, 2, 5, 3, 3),
(3, 2, 5, 2, 3),
(3, 2, 5, 1, 3),
(3, 2, 4, 7, 3),
(3, 2, 4, 6, 3),
(3, 2, 4, 5, 3),
(3, 2, 4, 4, 3),
(3, 2, 4, 3, 3),
(3, 2, 4, 2, 3),
(3, 2, 4, 1, 3),
(3, 2, 3, 7, 3),
(3, 2, 3, 6, 3),
(3, 2, 3, 5, 3),
(3, 2, 3, 4, 3),
(3, 2, 3, 3, 3),
(3, 2, 3, 2, 3),
(3, 2, 3, 1, 3),
(3, 2, 2, 7, 3),
(3, 2, 2, 6, 3),
(3, 2, 2, 5, 3),
(3, 2, 2, 4, 3),
(3, 2, 2, 3, 3),
(3, 2, 2, 2, 3),
(3, 2, 2, 1, 3),
(3, 2, 1, 7, 3),
(3, 2, 1, 6, 3),
(3, 2, 1, 5, 3),
(3, 2, 1, 4, 3),
(3, 2, 1, 3, 3),
(3, 2, 1, 2, 3),
(3, 2, 1, 1, 3),
(3, 1, 7, 7, 10),
(3, 1, 7, 6, 10),
(3, 1, 7, 5, 10),
(3, 1, 7, 4, 10),
(3, 1, 7, 3, 10),
(3, 1, 7, 2, 10),
(3, 1, 7, 1, 10),
(3, 1, 6, 7, 10),
(3, 1, 6, 6, 10),
(3, 1, 6, 5, 10),
(3, 1, 6, 4, 10),
(3, 1, 6, 3, 10),
(3, 1, 6, 2, 10),
(3, 1, 6, 1, 10),
(3, 1, 5, 7, 10),
(3, 1, 5, 6, 10),
(3, 1, 5, 5, 10),
(3, 1, 5, 4, 10),
(3, 1, 5, 3, 10),
(3, 1, 5, 2, 10),
(3, 1, 5, 1, 10),
(3, 1, 4, 7, 10),
(3, 1, 4, 6, 10),
(3, 1, 4, 5, 10),
(3, 1, 4, 4, 10),
(3, 1, 4, 3, 10),
(3, 1, 4, 2, 10),
(3, 1, 4, 1, 10),
(3, 1, 3, 7, 10),
(3, 1, 3, 6, 10),
(3, 1, 3, 5, 10),
(3, 1, 3, 4, 10),
(3, 1, 3, 3, 10),
(3, 1, 3, 2, 10),
(3, 1, 3, 1, 10),
(3, 1, 2, 7, 10),
(3, 1, 2, 6, 10),
(3, 1, 2, 5, 10),
(3, 1, 2, 4, 10),
(3, 1, 2, 3, 10),
(3, 1, 2, 2, 10),
(3, 1, 2, 1, 10),
(3, 1, 1, 7, 10),
(3, 1, 1, 6, 10),
(3, 1, 1, 5, 10),
(3, 1, 1, 4, 10),
(3, 1, 1, 3, 10),
(3, 1, 1, 2, 10),
(3, 1, 1, 1, 10),
(2, 7, 7, 7, 9),
(2, 7, 7, 6, 9),
(2, 7, 7, 5, 9),
(2, 7, 7, 4, 9),
(2, 7, 7, 3, 9),
(2, 7, 7, 2, 9),
(2, 7, 7, 1, 9),
(2, 7, 6, 7, 9),
(2, 7, 6, 6, 9),
(2, 7, 6, 5, 9),
(2, 7, 6, 4, 9),
(2, 7, 6, 3, 9),
(2, 7, 6, 2, 9),
(2, 7, 6, 1, 9),
(2, 7, 5, 7, 9),
(2, 7, 5, 6, 9),
(2, 7, 5, 5, 9),
(2, 7, 5, 4, 9),
(2, 7, 5, 3, 9),
(2, 7, 5, 2, 9),
(2, 7, 5, 1, 9),
(2, 7, 4, 7, 9),
(2, 7, 4, 6, 9),
(2, 7, 4, 5, 9),
(2, 7, 4, 4, 9),
(2, 7, 4, 3, 9),
(2, 7, 4, 2, 9),
(2, 7, 4, 1, 9),
(2, 7, 3, 7, 9),
(2, 7, 3, 6, 9),
(2, 7, 3, 5, 9),
(2, 7, 3, 4, 9),
(2, 7, 3, 3, 9),
(2, 7, 3, 2, 9),
(2, 7, 3, 1, 9),
(2, 7, 2, 7, 9),
(2, 7, 2, 6, 9),
(2, 7, 2, 5, 9),
(2, 7, 2, 4, 9),
(2, 7, 2, 3, 9),
(2, 7, 2, 2, 9),
(2, 7, 2, 1, 9),
(2, 7, 1, 7, 9),
(2, 7, 1, 6, 9),
(2, 7, 1, 5, 9),
(2, 7, 1, 4, 9),
(2, 7, 1, 3, 9),
(2, 7, 1, 2, 9),
(2, 7, 1, 1, 9),
(2, 6, 7, 7, 2),
(2, 6, 7, 6, 2),
(2, 6, 7, 5, 2),
(2, 6, 7, 4, 2),
(2, 6, 7, 3, 2),
(2, 6, 7, 2, 2),
(2, 6, 7, 1, 2),
(2, 6, 6, 7, 2),
(2, 6, 6, 6, 2),
(2, 6, 6, 5, 2),
(2, 6, 6, 4, 2),
(2, 6, 6, 3, 2),
(2, 6, 6, 2, 2),
(2, 6, 6, 1, 2),
(2, 6, 5, 7, 2),
(2, 6, 5, 6, 2),
(2, 6, 5, 5, 2),
(2, 6, 5, 4, 2),
(2, 6, 5, 3, 2),
(2, 6, 5, 2, 2),
(2, 6, 5, 1, 2),
(2, 6, 4, 7, 2),
(2, 6, 4, 6, 2),
(2, 6, 4, 5, 2),
(2, 6, 4, 4, 2),
(2, 6, 4, 3, 2),
(2, 6, 4, 2, 2),
(2, 6, 4, 1, 2),
(2, 6, 3, 7, 2),
(2, 6, 3, 6, 2),
(2, 6, 3, 5, 2),
(2, 6, 3, 4, 2),
(2, 6, 3, 3, 2),
(2, 6, 3, 2, 2),
(2, 6, 3, 1, 2),
(2, 6, 2, 7, 2),
(2, 6, 2, 6, 2),
(2, 6, 2, 5, 2),
(2, 6, 2, 4, 2),
(2, 6, 2, 3, 2),
(2, 6, 2, 2, 2),
(2, 6, 2, 1, 2),
(2, 6, 1, 7, 2),
(2, 6, 1, 6, 2),
(2, 6, 1, 5, 2),
(2, 6, 1, 4, 2),
(2, 6, 1, 3, 2),
(2, 6, 1, 2, 2),
(2, 6, 1, 1, 2),
(2, 5, 7, 7, 9),
(2, 5, 7, 6, 9),
(2, 5, 7, 5, 9),
(2, 5, 7, 4, 9),
(2, 5, 7, 3, 9),
(2, 5, 7, 2, 9),
(2, 5, 7, 1, 9),
(2, 5, 6, 7, 9),
(2, 5, 6, 6, 9),
(2, 5, 6, 5, 9),
(2, 5, 6, 4, 9),
(2, 5, 6, 3, 9),
(2, 5, 6, 2, 9),
(2, 5, 6, 1, 9),
(2, 5, 5, 7, 9),
(2, 5, 5, 6, 9),
(2, 5, 5, 5, 9),
(2, 5, 5, 4, 9),
(2, 5, 5, 3, 9),
(2, 5, 5, 2, 9),
(2, 5, 5, 1, 9),
(2, 5, 4, 7, 9),
(2, 5, 4, 6, 9),
(2, 5, 4, 5, 9),
(2, 5, 4, 4, 9),
(2, 5, 4, 3, 9),
(2, 5, 4, 2, 9),
(2, 5, 4, 1, 9),
(2, 5, 3, 7, 9),
(2, 5, 3, 6, 9),
(2, 5, 3, 5, 9),
(2, 5, 3, 4, 9),
(2, 5, 3, 3, 9),
(2, 5, 3, 2, 9),
(2, 5, 3, 1, 9),
(2, 5, 2, 7, 9),
(2, 5, 2, 6, 9),
(2, 5, 2, 5, 9),
(2, 5, 2, 4, 9),
(2, 5, 2, 3, 9),
(2, 5, 2, 2, 9),
(2, 5, 2, 1, 9),
(2, 5, 1, 7, 9),
(2, 5, 1, 6, 9),
(2, 5, 1, 5, 9),
(2, 5, 1, 4, 9),
(2, 5, 1, 3, 9),
(2, 5, 1, 2, 9),
(2, 5, 1, 1, 9),
(2, 4, 7, 7, 2),
(2, 4, 7, 6, 2),
(2, 4, 7, 5, 2),
(2, 4, 7, 4, 2),
(2, 4, 7, 3, 2),
(2, 4, 7, 2, 2),
(2, 4, 7, 1, 2),
(2, 4, 6, 7, 2),
(2, 4, 6, 6, 2),
(2, 4, 6, 5, 2),
(2, 4, 6, 4, 2),
(2, 4, 6, 3, 2),
(2, 4, 6, 2, 2),
(2, 4, 6, 1, 2),
(2, 4, 5, 7, 2),
(2, 4, 5, 6, 2),
(2, 4, 5, 5, 2),
(2, 4, 5, 4, 2),
(2, 4, 5, 3, 2),
(2, 4, 5, 2, 2),
(2, 4, 5, 1, 2),
(2, 4, 4, 7, 2),
(2, 4, 4, 6, 2),
(2, 4, 4, 5, 2),
(2, 4, 4, 4, 2),
(2, 4, 4, 3, 2),
(2, 4, 4, 2, 2),
(2, 4, 4, 1, 2),
(2, 4, 3, 7, 2),
(2, 4, 3, 6, 2),
(2, 4, 3, 5, 2),
(2, 4, 3, 4, 2),
(2, 4, 3, 3, 2),
(2, 4, 3, 2, 2),
(2, 4, 3, 1, 2),
(2, 4, 2, 7, 2),
(2, 4, 2, 6, 2),
(2, 4, 2, 5, 2),
(2, 4, 2, 4, 2),
(2, 4, 2, 3, 2),
(2, 4, 2, 2, 2),
(2, 4, 2, 1, 2),
(2, 4, 1, 7, 2),
(2, 4, 1, 6, 2),
(2, 4, 1, 5, 2),
(2, 4, 1, 4, 2),
(2, 4, 1, 3, 2),
(2, 4, 1, 2, 2),
(2, 4, 1, 1, 2),
(2, 3, 7, 7, 9),
(2, 3, 7, 6, 9),
(2, 3, 7, 5, 9),
(2, 3, 7, 4, 9),
(2, 3, 7, 3, 9),
(2, 3, 7, 2, 9),
(2, 3, 7, 1, 9),
(2, 3, 6, 7, 9),
(2, 3, 6, 6, 9),
(2, 3, 6, 5, 9),
(2, 3, 6, 4, 9),
(2, 3, 6, 3, 9),
(2, 3, 6, 2, 9),
(2, 3, 6, 1, 9),
(2, 3, 5, 7, 9),
(2, 3, 5, 6, 9),
(2, 3, 5, 5, 9),
(2, 3, 5, 4, 9),
(2, 3, 5, 3, 9),
(2, 3, 5, 2, 9),
(2, 3, 5, 1, 9),
(2, 3, 4, 7, 9),
(2, 3, 4, 6, 9),
(2, 3, 4, 5, 9),
(2, 3, 4, 4, 9),
(2, 3, 4, 3, 9),
(2, 3, 4, 2, 9),
(2, 3, 4, 1, 9),
(2, 3, 3, 7, 9),
(2, 3, 3, 6, 9),
(2, 3, 3, 5, 9),
(2, 3, 3, 4, 9),
(2, 3, 3, 3, 9),
(2, 3, 3, 2, 9),
(2, 3, 3, 1, 9),
(2, 3, 2, 7, 9),
(2, 3, 2, 6, 9),
(2, 3, 2, 5, 9),
(2, 3, 2, 4, 9),
(2, 3, 2, 3, 9),
(2, 3, 2, 2, 9),
(2, 3, 2, 1, 9),
(2, 3, 1, 7, 9),
(2, 3, 1, 6, 9),
(2, 3, 1, 5, 9),
(2, 3, 1, 4, 9),
(2, 3, 1, 3, 9),
(2, 3, 1, 2, 9),
(2, 3, 1, 1, 9),
(2, 2, 7, 7, 2),
(2, 2, 7, 6, 2),
(2, 2, 7, 5, 2),
(2, 2, 7, 4, 2),
(2, 2, 7, 3, 2),
(2, 2, 7, 2, 2),
(2, 2, 7, 1, 2),
(2, 2, 6, 7, 2),
(2, 2, 6, 6, 2),
(2, 2, 6, 5, 2),
(2, 2, 6, 4, 2),
(2, 2, 6, 3, 2),
(2, 2, 6, 2, 2),
(2, 2, 6, 1, 2),
(2, 2, 5, 7, 2),
(2, 2, 5, 6, 2),
(2, 2, 5, 5, 2),
(2, 2, 5, 4, 2),
(2, 2, 5, 3, 2),
(2, 2, 5, 2, 2),
(2, 2, 5, 1, 2),
(2, 2, 4, 7, 2),
(2, 2, 4, 6, 2),
(2, 2, 4, 5, 2),
(2, 2, 4, 4, 2),
(2, 2, 4, 3, 2),
(2, 2, 4, 2, 2),
(2, 2, 4, 1, 2),
(2, 2, 3, 7, 2),
(2, 2, 3, 6, 2),
(2, 2, 3, 5, 2),
(2, 2, 3, 4, 2),
(2, 2, 3, 3, 2),
(2, 2, 3, 2, 2),
(2, 2, 3, 1, 2),
(2, 2, 2, 7, 2),
(2, 2, 2, 6, 2),
(2, 2, 2, 5, 2),
(2, 2, 2, 4, 2),
(2, 2, 2, 3, 2),
(2, 2, 2, 2, 2),
(2, 2, 2, 1, 2),
(2, 2, 1, 7, 2),
(2, 2, 1, 6, 2),
(2, 2, 1, 5, 2),
(2, 2, 1, 4, 2),
(2, 2, 1, 3, 2),
(2, 2, 1, 2, 2),
(2, 2, 1, 1, 2),
(2, 1, 7, 7, 9),
(2, 1, 7, 6, 9),
(2, 1, 7, 5, 9),
(2, 1, 7, 4, 9),
(2, 1, 7, 3, 9),
(2, 1, 7, 2, 9),
(2, 1, 7, 1, 9),
(2, 1, 6, 7, 9),
(2, 1, 6, 6, 9),
(2, 1, 6, 5, 9),
(2, 1, 6, 4, 9),
(2, 1, 6, 3, 9),
(2, 1, 6, 2, 9),
(2, 1, 6, 1, 9),
(2, 1, 5, 7, 9),
(2, 1, 5, 6, 9),
(2, 1, 5, 5, 9),
(2, 1, 5, 4, 9),
(2, 1, 5, 3, 9),
(2, 1, 5, 2, 9),
(2, 1, 5, 1, 9),
(2, 1, 4, 7, 9),
(2, 1, 4, 6, 9),
(2, 1, 4, 5, 9),
(2, 1, 4, 4, 9),
(2, 1, 4, 3, 9),
(2, 1, 4, 2, 9),
(2, 1, 4, 1, 9),
(2, 1, 3, 7, 9),
(2, 1, 3, 6, 9),
(2, 1, 3, 5, 9),
(2, 1, 3, 4, 9),
(2, 1, 3, 3, 9),
(2, 1, 3, 2, 9),
(2, 1, 3, 1, 9),
(2, 1, 2, 7, 9),
(2, 1, 2, 6, 9),
(2, 1, 2, 5, 9),
(2, 1, 2, 4, 9),
(2, 1, 2, 3, 9),
(2, 1, 2, 2, 9),
(2, 1, 2, 1, 9),
(2, 1, 1, 7, 9),
(2, 1, 1, 6, 9),
(2, 1, 1, 5, 9),
(2, 1, 1, 4, 9),
(2, 1, 1, 3, 9),
(2, 1, 1, 2, 9),
(2, 1, 1, 1, 9),
(1, 7, 7, 7, 8),
(1, 7, 7, 6, 8),
(1, 7, 7, 5, 8),
(1, 7, 7, 4, 8),
(1, 7, 7, 3, 8),
(1, 7, 7, 2, 8),
(1, 7, 7, 1, 8),
(1, 7, 6, 7, 8),
(1, 7, 6, 6, 8),
(1, 7, 6, 5, 8),
(1, 7, 6, 4, 8),
(1, 7, 6, 3, 8),
(1, 7, 6, 2, 8),
(1, 7, 6, 1, 8),
(1, 7, 5, 7, 8),
(1, 7, 5, 6, 8),
(1, 7, 5, 5, 8),
(1, 7, 5, 4, 8),
(1, 7, 5, 3, 8),
(1, 7, 5, 2, 8),
(1, 7, 5, 1, 8),
(1, 7, 4, 7, 8),
(1, 7, 4, 6, 8),
(1, 7, 4, 5, 8),
(1, 7, 4, 4, 8),
(1, 7, 4, 3, 8),
(1, 7, 4, 2, 8),
(1, 7, 4, 1, 8),
(1, 7, 3, 7, 8),
(1, 7, 3, 6, 8),
(1, 7, 3, 5, 8),
(1, 7, 3, 4, 8),
(1, 7, 3, 3, 8),
(1, 7, 3, 2, 8),
(1, 7, 3, 1, 8),
(1, 7, 2, 7, 8),
(1, 7, 2, 6, 8),
(1, 7, 2, 5, 8),
(1, 7, 2, 4, 8),
(1, 7, 2, 3, 8),
(1, 7, 2, 2, 8),
(1, 7, 2, 1, 8),
(1, 7, 1, 7, 8),
(1, 7, 1, 6, 8),
(1, 7, 1, 5, 8),
(1, 7, 1, 4, 8),
(1, 7, 1, 3, 8),
(1, 7, 1, 2, 8),
(1, 7, 1, 1, 8),
(1, 6, 7, 7, 1),
(1, 6, 7, 6, 1),
(1, 6, 7, 5, 1),
(1, 6, 7, 4, 1),
(1, 6, 7, 3, 1),
(1, 6, 7, 2, 1),
(1, 6, 7, 1, 1),
(1, 6, 6, 7, 1),
(1, 6, 6, 6, 1),
(1, 6, 6, 5, 1),
(1, 6, 6, 4, 1),
(1, 6, 6, 3, 1),
(1, 6, 6, 2, 1),
(1, 6, 6, 1, 1),
(1, 6, 5, 7, 1),
(1, 6, 5, 6, 1),
(1, 6, 5, 5, 1),
(1, 6, 5, 4, 1),
(1, 6, 5, 3, 1),
(1, 6, 5, 2, 1),
(1, 6, 5, 1, 1),
(1, 6, 4, 7, 1),
(1, 6, 4, 6, 1),
(1, 6, 4, 5, 1),
(1, 6, 4, 4, 1),
(1, 6, 4, 3, 1),
(1, 6, 4, 2, 1),
(1, 6, 4, 1, 1),
(1, 6, 3, 7, 1),
(1, 6, 3, 6, 1),
(1, 6, 3, 5, 1),
(1, 6, 3, 4, 1),
(1, 6, 3, 3, 1),
(1, 6, 3, 2, 1),
(1, 6, 3, 1, 1),
(1, 6, 2, 7, 1),
(1, 6, 2, 6, 1),
(1, 6, 2, 5, 1),
(1, 6, 2, 4, 1),
(1, 6, 2, 3, 1),
(1, 6, 2, 2, 1),
(1, 6, 2, 1, 1),
(1, 6, 1, 7, 1),
(1, 6, 1, 6, 1),
(1, 6, 1, 5, 1),
(1, 6, 1, 4, 1),
(1, 6, 1, 3, 1),
(1, 6, 1, 2, 1),
(1, 6, 1, 1, 1),
(1, 5, 7, 7, 8),
(1, 5, 7, 6, 8),
(1, 5, 7, 5, 8),
(1, 5, 7, 4, 8),
(1, 5, 7, 3, 8),
(1, 5, 7, 2, 8),
(1, 5, 7, 1, 8),
(1, 5, 6, 7, 8),
(1, 5, 6, 6, 8),
(1, 5, 6, 5, 8),
(1, 5, 6, 4, 8),
(1, 5, 6, 3, 8),
(1, 5, 6, 2, 8),
(1, 5, 6, 1, 8),
(1, 5, 5, 7, 8),
(1, 5, 5, 6, 8),
(1, 5, 5, 5, 8),
(1, 5, 5, 4, 8),
(1, 5, 5, 3, 8),
(1, 5, 5, 2, 8),
(1, 5, 5, 1, 8),
(1, 5, 4, 7, 8),
(1, 5, 4, 6, 8),
(1, 5, 4, 5, 8),
(1, 5, 4, 4, 8),
(1, 5, 4, 3, 8),
(1, 5, 4, 2, 8),
(1, 5, 4, 1, 8),
(1, 5, 3, 7, 8),
(1, 5, 3, 6, 8),
(1, 5, 3, 5, 8),
(1, 5, 3, 4, 8),
(1, 5, 3, 3, 8),
(1, 5, 3, 2, 8),
(1, 5, 3, 1, 8),
(1, 5, 2, 7, 8),
(1, 5, 2, 6, 8),
(1, 5, 2, 5, 8),
(1, 5, 2, 4, 8),
(1, 5, 2, 3, 8),
(1, 5, 2, 2, 8),
(1, 5, 2, 1, 8),
(1, 5, 1, 7, 8),
(1, 5, 1, 6, 8),
(1, 5, 1, 5, 8),
(1, 5, 1, 4, 8),
(1, 5, 1, 3, 8),
(1, 5, 1, 2, 8),
(1, 5, 1, 1, 8),
(1, 4, 7, 7, 1),
(1, 4, 7, 6, 1),
(1, 4, 7, 5, 1),
(1, 4, 7, 4, 1),
(1, 4, 7, 3, 1),
(1, 4, 7, 2, 1),
(1, 4, 7, 1, 1),
(1, 4, 6, 7, 1),
(1, 4, 6, 6, 1),
(1, 4, 6, 5, 1),
(1, 4, 6, 4, 1),
(1, 4, 6, 3, 1),
(1, 4, 6, 2, 1),
(1, 4, 6, 1, 1),
(1, 4, 5, 7, 1),
(1, 4, 5, 6, 1),
(1, 4, 5, 5, 1),
(1, 4, 5, 4, 1),
(1, 4, 5, 3, 1),
(1, 4, 5, 2, 1),
(1, 4, 5, 1, 1),
(1, 4, 4, 7, 1),
(1, 4, 4, 6, 1),
(1, 4, 4, 5, 1),
(1, 4, 4, 4, 1),
(1, 4, 4, 3, 1),
(1, 4, 4, 2, 1),
(1, 4, 4, 1, 1),
(1, 4, 3, 7, 1),
(1, 4, 3, 6, 1),
(1, 4, 3, 5, 1),
(1, 4, 3, 4, 1),
(1, 4, 3, 3, 1),
(1, 4, 3, 2, 1),
(1, 4, 3, 1, 1),
(1, 4, 2, 7, 1),
(1, 4, 2, 6, 1),
(1, 4, 2, 5, 1),
(1, 4, 2, 4, 1),
(1, 4, 2, 3, 1),
(1, 4, 2, 2, 1),
(1, 4, 2, 1, 1),
(1, 4, 1, 7, 1),
(1, 4, 1, 6, 1),
(1, 4, 1, 5, 1),
(1, 4, 1, 4, 1),
(1, 4, 1, 3, 1),
(1, 4, 1, 2, 1),
(1, 4, 1, 1, 1),
(1, 3, 7, 7, 8),
(1, 3, 7, 6, 8),
(1, 3, 7, 5, 8),
(1, 3, 7, 4, 8),
(1, 3, 7, 3, 8),
(1, 3, 7, 2, 8),
(1, 3, 7, 1, 8),
(1, 3, 6, 7, 8),
(1, 3, 6, 6, 8),
(1, 3, 6, 5, 8),
(1, 3, 6, 4, 8),
(1, 3, 6, 3, 8),
(1, 3, 6, 2, 8),
(1, 3, 6, 1, 8),
(1, 3, 5, 7, 8),
(1, 3, 5, 6, 8),
(1, 3, 5, 5, 8),
(1, 3, 5, 4, 8),
(1, 3, 5, 3, 8),
(1, 3, 5, 2, 8),
(1, 3, 5, 1, 8),
(1, 3, 4, 7, 8),
(1, 3, 4, 6, 8),
(1, 3, 4, 5, 8),
(1, 3, 4, 4, 8),
(1, 3, 4, 3, 8),
(1, 3, 4, 2, 8),
(1, 3, 4, 1, 8),
(1, 3, 3, 7, 8),
(1, 3, 3, 6, 8),
(1, 3, 3, 5, 8),
(1, 3, 3, 4, 8),
(1, 3, 3, 3, 8),
(1, 3, 3, 2, 8),
(1, 3, 3, 1, 8),
(1, 3, 2, 7, 8),
(1, 3, 2, 6, 8),
(1, 3, 2, 5, 8),
(1, 3, 2, 4, 8),
(1, 3, 2, 3, 8),
(1, 3, 2, 2, 8),
(1, 3, 2, 1, 8),
(1, 3, 1, 7, 8),
(1, 3, 1, 6, 8),
(1, 3, 1, 5, 8),
(1, 3, 1, 4, 8),
(1, 3, 1, 3, 8),
(1, 3, 1, 2, 8),
(1, 3, 1, 1, 8),
(1, 2, 7, 7, 1),
(1, 2, 7, 6, 1),
(1, 2, 7, 5, 1),
(1, 2, 7, 4, 1),
(1, 2, 7, 3, 1),
(1, 2, 7, 2, 1),
(1, 2, 7, 1, 1),
(1, 2, 6, 7, 1),
(1, 2, 6, 6, 1),
(1, 2, 6, 5, 1),
(1, 2, 6, 4, 1),
(1, 2, 6, 3, 1),
(1, 2, 6, 2, 1),
(1, 2, 6, 1, 1),
(1, 2, 5, 7, 1),
(1, 2, 5, 6, 1),
(1, 2, 5, 5, 1),
(1, 2, 5, 4, 1),
(1, 2, 5, 3, 1),
(1, 2, 5, 2, 1),
(1, 2, 5, 1, 1),
(1, 2, 4, 7, 1),
(1, 2, 4, 6, 1),
(1, 2, 4, 5, 1),
(1, 2, 4, 4, 1),
(1, 2, 4, 3, 1),
(1, 2, 4, 2, 1),
(1, 2, 4, 1, 1),
(1, 2, 3, 7, 1),
(1, 2, 3, 6, 1),
(1, 2, 3, 5, 1),
(1, 2, 3, 4, 1),
(1, 2, 3, 3, 1),
(1, 2, 3, 2, 1),
(1, 2, 3, 1, 1),
(1, 2, 2, 7, 1),
(1, 2, 2, 6, 1),
(1, 2, 2, 5, 1),
(1, 2, 2, 4, 1),
(1, 2, 2, 3, 1),
(1, 2, 2, 2, 1),
(1, 2, 2, 1, 1),
(1, 2, 1, 7, 1),
(1, 2, 1, 6, 1),
(1, 2, 1, 5, 1),
(1, 2, 1, 4, 1),
(1, 2, 1, 3, 1),
(1, 2, 1, 2, 1),
(1, 2, 1, 1, 1),
(1, 1, 7, 7, 8),
(1, 1, 7, 6, 8),
(1, 1, 7, 5, 8),
(1, 1, 7, 4, 8),
(1, 1, 7, 3, 8),
(1, 1, 7, 2, 8),
(1, 1, 7, 1, 8),
(1, 1, 6, 7, 8),
(1, 1, 6, 6, 8),
(1, 1, 6, 5, 8),
(1, 1, 6, 4, 8),
(1, 1, 6, 3, 8),
(1, 1, 6, 2, 8),
(1, 1, 6, 1, 8),
(1, 1, 5, 7, 8),
(1, 1, 5, 6, 8),
(1, 1, 5, 5, 8),
(1, 1, 5, 4, 8),
(1, 1, 5, 3, 8),
(1, 1, 5, 2, 8),
(1, 1, 5, 1, 8),
(1, 1, 4, 7, 8),
(1, 1, 4, 6, 8),
(1, 1, 4, 5, 8),
(1, 1, 4, 4, 8),
(1, 1, 4, 3, 8),
(1, 1, 4, 2, 8),
(1, 1, 4, 1, 8),
(1, 1, 3, 7, 8),
(1, 1, 3, 6, 8),
(1, 1, 3, 5, 8),
(1, 1, 3, 4, 8),
(1, 1, 3, 3, 8),
(1, 1, 3, 2, 8),
(1, 1, 3, 1, 8),
(1, 1, 2, 7, 8),
(1, 1, 2, 6, 8),
(1, 1, 2, 5, 8),
(1, 1, 2, 4, 8),
(1, 1, 2, 3, 8),
(1, 1, 2, 2, 8),
(1, 1, 2, 1, 8),
(1, 1, 1, 7, 8),
(1, 1, 1, 6, 8),
(1, 1, 1, 5, 8),
(1, 1, 1, 4, 8),
(1, 1, 1, 3, 8),
(1, 1, 1, 2, 8),
(1, 1, 1, 1, 8);

-- --------------------------------------------------------

--
-- Estrutura para tabela `personalities`
--

CREATE TABLE `personalities` (
  `id` tinyint(2) NOT NULL,
  `no` tinyint(2) NOT NULL,
  `term` varchar(100) NOT NULL,
  `most` char(1) NOT NULL,
  `least` char(1) NOT NULL
) ENGINE=MyISAM DEFAULT CHARSET=utf8 COLLATE=utf8_general_ci;

--
-- Despejando dados para a tabela `personalities`
--

INSERT INTO `personalities` (`id`, `no`, `term`, `most`, `least`) VALUES
(112, 28, 'Expressivo(a)', 'I', 'I'),
(111, 28, 'Cuidadoso(a)', 'C', 'C'),
(110, 28, 'Corajoso(a)', 'D', 'D'),
(109, 28, 'Tranquilo(a)', 'S', 'S'),
(108, 27, 'Estável', 'S', 'S'),
(107, 27, 'Organizado(a)', 'C', 'C'),
(106, 27, 'Falante', 'I', 'I'),
(105, 27, 'Audacioso(a)', 'D', 'D'),
(104, 26, 'Carismático(a)', 'I', 'I'),
(103, 26, 'Autoconfiante', 'D', 'D'),
(102, 26, 'Paciente', 'S', 'S'),
(101, 26, 'Racional', 'C', 'C'),
(1, 1, 'Preciso(a)', 'C', 'C'),
(2, 1, 'Decidido(a)', 'D', 'D'),
(3, 1, 'Paciente', 'S', 'S'),
(4, 1, 'Sociável', 'I', 'I'),
(5, 2, 'Leal', 'S', 'S'),
(6, 2, 'Direto(a)', 'D', 'D'),
(7, 2, 'Organizado(a)', 'C', 'C'),
(8, 2, 'Entusiasmado(a)', 'I', '#'),
(9, 3, 'Analítico(a)', 'C', '#'),
(10, 3, 'Confiável', 'S', 'S'),
(11, 3, 'Determinado(a)', 'D', 'D'),
(12, 3, 'Falante', '#', 'I'),
(13, 4, 'Metódico(a)', 'C', 'C'),
(14, 4, 'Compreensivo(a)', 'S', 'S'),
(15, 4, 'Extrovertido(a)', 'I', 'I'),
(16, 4, 'Competitivo(a)', 'D', 'D'),
(17, 5, 'Resoluto(a)', 'D', 'D'),
(18, 5, 'Estável', 'S', 'S'),
(19, 5, 'Cuidadoso(a)', 'C', 'C'),
(20, 5, 'Animado(a)', 'I', 'I'),
(21, 6, 'Persuasivo(a)', 'I', 'I'),
(22, 6, 'Cauteloso(a)', 'C', '#'),
(23, 6, 'Tranquilo(a)', '#', 'S'),
(24, 6, 'Corajoso(a)', '#', 'D'),
(25, 7, 'Minucioso(a)', 'C', 'C'),
(26, 7, 'Calmo(a)', 'S', 'S'),
(27, 7, 'Autoritário(a)', 'D', 'D'),
(28, 7, 'Espontâneo(a)', '#', 'I'),
(29, 8, 'Disciplinado(a)', 'C', 'C'),
(30, 8, 'Fiel', 'S', '#'),
(31, 8, 'Ousado(a)', 'I', 'I'),
(32, 8, 'Líder', 'D', 'D'),
(33, 9, 'Agradável', 'S', 'S'),
(34, 9, 'Influente', 'I', 'I'),
(35, 9, 'Exato(a)', 'C', 'C'),
(36, 9, 'Persistente', 'D', 'D'),
(37, 10, 'Ambicioso(a)', 'D', 'D'),
(38, 10, 'Pragmático(a)', 'C', 'C'),
(39, 10, 'Empolgado(a)', 'I', 'I'),
(40, 10, 'Amigável', '#', 'S'),
(41, 11, 'Sereno(a)', 'S', 'S'),
(42, 11, 'Inspirador(a)', 'I', 'I'),
(43, 11, 'Proativo(a)', 'D', 'D'),
(44, 11, 'Crítico(a)', 'C', 'C'),
(45, 12, 'Cuidadoso(a)', 'C', 'C'),
(46, 12, 'Falante', 'I', 'I'),
(47, 12, 'Paciente', 'S', 'S'),
(48, 12, 'Confiante', 'D', 'D'),
(49, 13, 'Determinando(a)', 'D', 'D'),
(50, 13, 'Carismático(a)', 'I', 'I'),
(51, 13, 'Conservador(a)', 'C', 'C'),
(52, 13, 'Solidário(a)', 'S', 'S'),
(53, 14, 'Tranquilo(a)', 'S', 'S'),
(54, 14, 'Expressivo(a)', 'I', 'I'),
(55, 14, 'Competente', 'D', 'D'),
(56, 14, 'Detalhista', 'C', 'C'),
(57, 15, 'Rigoroso(a)', 'C', 'C'),
(58, 15, 'Calado(a)', 'S', '#'),
(59, 15, 'Decisivo(a)', 'D', 'D'),
(60, 15, 'Enérgico(a)', 'I', 'I'),
(61, 16, 'Paciente', 'S', 'S'),
(62, 16, 'Objetivo(a)', 'D', 'D'),
(63, 16, 'Falante', 'I', 'I'),
(64, 16, 'Meticuloso(a)', 'C', 'C'),
(65, 17, 'Lógico(a)', 'C', 'C'),
(66, 17, 'Popular', 'I', 'I'),
(67, 17, 'Dominante', 'D', 'D'),
(68, 17, 'Acalmador(a)', 'S', 'S'),
(69, 18, 'Comunicativo(a)', 'I', 'I'),
(70, 18, 'Forte', 'D', '#'),
(71, 18, 'Estável', 'S', 'S'),
(72, 18, 'Disciplinado(a)', 'C', 'C'),
(73, 19, 'Ágil', 'D', 'D'),
(74, 19, 'Regrado(a)', 'C', 'C'),
(75, 19, 'Alegre', 'I', 'I'),
(76, 19, 'Tolerante', '#', 'S'),
(77, 20, 'Técnico(a)', 'C', 'C'),
(78, 20, 'Animado(a)', 'I', 'I'),
(79, 20, 'Passivo(a)', '#', 'S'),
(80, 20, 'Seguro(a)', 'D', 'D'),
(81, 21, 'Tranquilo(a)', 'S', 'S'),
(82, 21, 'Sociável', 'I', 'I'),
(83, 21, 'Objetivo(a)', 'C', 'C'),
(84, 21, 'Confiante', 'D', 'D'),
(85, 22, 'Controlado(a)', 'C', 'C'),
(86, 22, 'Confiável', 'S', 'S'),
(87, 22, 'Independente', 'D', 'D'),
(88, 22, 'Engraçado(a)', 'I', 'I'),
(89, 23, 'Reservado(a)', 'C', 'C'),
(90, 23, 'Sereno(a)', 'S', 'S'),
(91, 23, 'Decidido(a)', 'D', 'D'),
(92, 23, 'Espontâneo(a)', 'I', 'I'),
(93, 24, 'Crítico(a)', 'C', 'C'),
(94, 24, 'Divertido(a)', 'I', 'I'),
(95, 24, 'Assertivo(a)', 'D', 'D'),
(96, 24, 'Agradável', 'S', 'S'),
(97, 25, 'Determinado(a)', 'D', 'D'),
(98, 25, 'Flexível', 'S', 'S'),
(99, 25, 'Comunicativo(a)', 'I', 'I'),
(100, 25, 'Sistemático(a)', 'C', 'C');

-- --------------------------------------------------------

--
-- Estrutura para tabela `results`
--

CREATE TABLE `results` (
  `id` int(11) NOT NULL,
  `dimension` char(1) NOT NULL,
  `intensity` int(11) NOT NULL,
  `value` int(11) NOT NULL,
  `segment` int(11) NOT NULL,
  `graph` tinyint(1) NOT NULL
) ENGINE=MyISAM DEFAULT CHARSET=utf8 COLLATE=utf8_general_ci;

--
-- Despejando dados para a tabela `results`
--

INSERT INTO `results` (`id`, `dimension`, `intensity`, `value`, `segment`, `graph`) VALUES
(1, 'D', 28, 27, 7, 1),
(2, 'D', 26, 12, 7, 1),
(3, 'D', 25, 11, 7, 1),
(4, 'D', 24, 10, 6, 1),
(5, 'D', 23, 9, 6, 1),
(6, 'D', 22, 8, 6, 1),
(7, 'D', 20, 7, 5, 1),
(8, 'D', 19, 6, 5, 1),
(9, 'D', 16, 5, 4, 1),
(10, 'D', 14, 4, 4, 1),
(11, 'D', 12, 3, 3, 1),
(12, 'D', 9, 2, 3, 1),
(13, 'D', 6, 1, 2, 1),
(14, 'D', 3, 0, 1, 1),
(15, 'C', 28, 28, 7, 1),
(16, 'C', 26, 12, 7, 1),
(17, 'C', 25, 11, 7, 1),
(18, 'C', 23, 10, 6, 1),
(19, 'C', 22, 9, 6, 1),
(20, 'C', 20, 8, 5, 1),
(21, 'C', 16, 7, 4, 1),
(22, 'C', 14, 6, 4, 1),
(23, 'C', 12, 5, 3, 1),
(24, 'C', 9, 4, 3, 1),
(25, 'C', 6, 3, 2, 1),
(26, 'C', 4, 2, 1, 1),
(27, 'C', 2, 1, 1, 1),
(28, 'C', 1, 0, 1, 1),
(29, 'I', 28, 26, 7, 1),
(30, 'I', 26, 14, 7, 1),
(31, 'I', 25, 13, 7, 1),
(32, 'I', 23, 12, 6, 1),
(33, 'I', 21, 11, 6, 1),
(34, 'I', 19, 10, 5, 1),
(35, 'I', 17, 9, 5, 1),
(36, 'I', 15, 8, 4, 1),
(37, 'I', 13, 7, 4, 1),
(38, 'I', 11, 6, 3, 1),
(39, 'I', 10, 5, 3, 1),
(40, 'I', 7, 4, 2, 1),
(41, 'I', 4, 3, 1, 1),
(42, 'I', 3, 2, 1, 1),
(43, 'I', 2, 1, 1, 1),
(44, 'I', 1, 0, 1, 1),
(45, 'S', 28, 24, 7, 1),
(46, 'S', 27, 12, 7, 1),
(47, 'S', 26, 11, 7, 1),
(48, 'S', 24, 10, 6, 1),
(49, 'S', 23, 9, 6, 1),
(50, 'S', 21, 8, 6, 1),
(51, 'S', 19, 7, 5, 1),
(52, 'S', 16, 6, 4, 1),
(53, 'S', 13, 5, 4, 1),
(54, 'S', 10, 4, 3, 1),
(55, 'S', 7, 3, 2, 1),
(56, 'S', 4, 2, 1, 1),
(57, 'S', 2, 1, 1, 1),
(58, 'S', 1, 0, 1, 1),
(59, 'D', 28, 0, 7, 2),
(60, 'D', 27, 1, 7, 2),
(61, 'D', 27, 2, 7, 2),
(62, 'D', 26, 3, 7, 2),
(63, 'D', 25, 4, 7, 2),
(64, 'D', 24, 5, 6, 2),
(65, 'D', 22, 6, 6, 2),
(66, 'D', 21, 7, 6, 2),
(67, 'D', 19, 8, 5, 2),
(68, 'D', 18, 9, 5, 2),
(69, 'D', 14, 10, 4, 2),
(70, 'D', 12, 11, 3, 2),
(71, 'D', 11, 12, 3, 2),
(72, 'D', 9, 13, 3, 2),
(73, 'D', 7, 14, 2, 2),
(74, 'D', 5, 15, 2, 2),
(75, 'D', 4, 16, 1, 2),
(76, 'D', 3, 17, 1, 2),
(77, 'D', 1, 27, 1, 2),
(78, 'C', 28, 0, 7, 2),
(79, 'C', 26, 1, 7, 2),
(80, 'C', 25, 2, 7, 2),
(81, 'C', 23, 3, 6, 2),
(82, 'C', 20, 4, 5, 2),
(83, 'C', 16, 5, 4, 2),
(84, 'C', 12, 6, 3, 2),
(85, 'C', 10, 7, 3, 2),
(86, 'C', 7, 8, 2, 2),
(87, 'C', 4, 9, 1, 2),
(88, 'C', 3, 10, 1, 2),
(89, 'C', 1, 26, 1, 2),
(90, 'I', 28, 0, 7, 2),
(91, 'I', 26, 1, 7, 2),
(92, 'I', 22, 2, 6, 2),
(93, 'I', 19, 3, 5, 2),
(94, 'I', 15, 4, 4, 2),
(95, 'I', 12, 5, 3, 2),
(96, 'I', 9, 6, 3, 2),
(97, 'I', 7, 7, 2, 2),
(98, 'I', 5, 8, 2, 2),
(99, 'I', 4, 9, 1, 2),
(100, 'I', 3, 10, 1, 2),
(101, 'I', 1, 27, 1, 2),
(102, 'S', 28, 0, 7, 2),
(103, 'S', 27, 1, 7, 2),
(104, 'S', 26, 2, 7, 2),
(105, 'S', 25, 3, 7, 2),
(106, 'S', 24, 4, 6, 2),
(107, 'S', 22, 5, 6, 2),
(108, 'S', 20, 6, 5, 2),
(109, 'S', 16, 7, 4, 2),
(110, 'S', 14, 8, 4, 2),
(111, 'S', 11, 9, 3, 2),
(112, 'S', 8, 10, 2, 2),
(113, 'S', 6, 11, 2, 2),
(114, 'S', 4, 12, 1, 2),
(115, 'S', 3, 13, 1, 2),
(116, 'S', 1, 26, 1, 2),
(117, 'D', 28, 27, 7, 3),
(118, 'D', 26, 9, 7, 3),
(119, 'D', 25, 6, 7, 3),
(120, 'D', 24, 5, 6, 3),
(121, 'D', 23, 3, 6, 3),
(122, 'D', 23, 2, 6, 3),
(123, 'D', 22, 1, 6, 3),
(124, 'D', 21, 0, 6, 3),
(125, 'D', 20, -1, 5, 3),
(126, 'D', 19, -2, 5, 3),
(127, 'D', 18, -3, 5, 3),
(128, 'D', 17, -4, 5, 3),
(129, 'D', 16, -5, 4, 3),
(130, 'D', 15, -6, 4, 3),
(131, 'D', 14, -7, 4, 3),
(132, 'D', 12, -8, 3, 3),
(133, 'D', 11, -9, 3, 3),
(134, 'D', 10, -10, 3, 3),
(135, 'D', 9, -11, 3, 3),
(136, 'D', 8, -12, 2, 3),
(137, 'D', 7, -13, 2, 3),
(138, 'D', 6, -14, 2, 3),
(139, 'D', 4, -15, 1, 3),
(140, 'D', 3, -16, 1, 3),
(141, 'D', 1, -27, 1, 3),
(142, 'C', 28, 28, 7, 3),
(143, 'C', 26, 9, 7, 3),
(144, 'C', 25, 8, 7, 3),
(145, 'C', 24, 7, 6, 3),
(146, 'C', 22, 6, 6, 3),
(147, 'C', 20, 5, 5, 3),
(148, 'C', 19, 4, 5, 3),
(149, 'C', 17, 3, 5, 3),
(150, 'C', 16, 2, 4, 3),
(151, 'C', 14, 1, 4, 3),
(152, 'C', 12, 0, 3, 3),
(153, 'C', 11, -1, 3, 3),
(154, 'C', 9, -2, 3, 3),
(155, 'C', 8, -3, 2, 3),
(156, 'C', 7, -4, 2, 3),
(157, 'C', 6, -5, 2, 3),
(158, 'C', 4, -6, 1, 3),
(159, 'C', 3, -8, 1, 3),
(160, 'C', 1, -26, 1, 3),
(161, 'I', 28, 26, 7, 3),
(162, 'I', 27, 14, 7, 3),
(163, 'I', 25, 12, 7, 3),
(164, 'I', 24, 11, 6, 3),
(165, 'I', 23, 10, 6, 3),
(166, 'I', 21, 9, 6, 3),
(167, 'I', 20, 8, 5, 3),
(168, 'I', 19, 7, 5, 3),
(169, 'I', 17, 6, 5, 3),
(170, 'I', 15, 5, 4, 3),
(171, 'I', 14, 4, 4, 3),
(172, 'I', 13, 3, 4, 3),
(173, 'I', 12, 2, 3, 3),
(174, 'I', 11, 1, 3, 3),
(175, 'I', 9, 0, 3, 3),
(176, 'I', 8, -1, 2, 3),
(177, 'I', 7, -2, 2, 3),
(178, 'I', 6, -3, 2, 3),
(179, 'I', 5, -4, 2, 3),
(180, 'I', 4, -5, 1, 3),
(181, 'I', 3, -7, 1, 3),
(182, 'I', 1, -27, 1, 3),
(183, 'S', 28, 24, 7, 3),
(184, 'S', 27, 18, 7, 3),
(185, 'S', 25, 6, 7, 3),
(186, 'S', 24, 5, 6, 3),
(187, 'S', 23, 4, 6, 3),
(188, 'S', 21, 3, 6, 3),
(189, 'S', 20, 2, 5, 3),
(190, 'S', 19, 1, 5, 3),
(191, 'S', 18, 0, 5, 3),
(192, 'S', 16, -1, 4, 3),
(193, 'S', 15, -2, 4, 3),
(194, 'S', 12, -3, 3, 3),
(195, 'S', 11, -4, 3, 3),
(196, 'S', 9, -5, 3, 3),
(197, 'S', 8, -6, 2, 3),
(198, 'S', 7, -7, 2, 3),
(199, 'S', 5, -8, 2, 3),
(200, 'S', 4, -9, 1, 3),
(201, 'S', 2, -11, 1, 3),
(202, 'S', 1, -26, 1, 3);

-- --------------------------------------------------------

--
-- Estrutura para tabela `user`
--

CREATE TABLE `user` (
  `id` int(11) NOT NULL,
  `name` varchar(255) NOT NULL,
  `email` varchar(255) NOT NULL,
  `password_hash` varchar(255) NOT NULL,
  `reset_token_hash` varchar(64) DEFAULT NULL,
  `reset_token_expires_at` datetime DEFAULT NULL,
  `birthdate` date DEFAULT NULL
) ENGINE=InnoDB DEFAULT CHARSET=utf8 COLLATE=utf8_unicode_ci;

--
-- Despejando dados para a tabela `user`
--

INSERT INTO `user` (`id`, `name`, `email`, `password_hash`, `reset_token_hash`, `reset_token_expires_at`, `birthdate`) VALUES
(10, 'Octávio Gomes', 'octaviogsf1@gmail.com', '$2y$10$oCDLrhFs1zzLslS12T4Z..a4Varx9bV9qD9OZVts6TFUTrCV1pBBO', NULL, NULL, '2025-04-01'),
(11, 'Octávio Gomes', 'octaviogsf@gmail.com', '$2y$10$x.oTmYS3Eu2LLrFmrRWraeIhXCqUDvFmQ2GsrFMMiTkYOrumN2cee', NULL, NULL, '2025-04-02');

--
-- Índices para tabelas despejadas
--

--
-- Índices de tabela `fotos`
--
ALTER TABLE `fotos`
  ADD PRIMARY KEY (`id`);

--
-- Índices de tabela `patterns`
--
ALTER TABLE `patterns`
  ADD PRIMARY KEY (`id`);

--
-- Índices de tabela `personalities`
--
ALTER TABLE `personalities`
  ADD PRIMARY KEY (`id`);

--
-- Índices de tabela `results`
--
ALTER TABLE `results`
  ADD PRIMARY KEY (`id`);

--
-- Índices de tabela `user`
--
ALTER TABLE `user`
  ADD PRIMARY KEY (`id`),
  ADD UNIQUE KEY `reset_token_hash` (`reset_token_hash`);

--
-- AUTO_INCREMENT para tabelas despejadas
--

--
-- AUTO_INCREMENT de tabela `fotos`
--
ALTER TABLE `fotos`
  MODIFY `id` int(10) UNSIGNED NOT NULL AUTO_INCREMENT, AUTO_INCREMENT=19;

--
-- AUTO_INCREMENT de tabela `personalities`
--
ALTER TABLE `personalities`
  MODIFY `id` tinyint(2) NOT NULL AUTO_INCREMENT, AUTO_INCREMENT=113;

--
-- AUTO_INCREMENT de tabela `results`
--
ALTER TABLE `results`
  MODIFY `id` int(11) NOT NULL AUTO_INCREMENT, AUTO_INCREMENT=203;

--
-- AUTO_INCREMENT de tabela `user`
--
ALTER TABLE `user`
  MODIFY `id` int(11) NOT NULL AUTO_INCREMENT, AUTO_INCREMENT=12;
COMMIT;

/*!40101 SET CHARACTER_SET_CLIENT=@OLD_CHARACTER_SET_CLIENT */;
/*!40101 SET CHARACTER_SET_RESULTS=@OLD_CHARACTER_SET_RESULTS */;
/*!40101 SET COLLATION_CONNECTION=@OLD_COLLATION_CONNECTION */;
