-- phpMyAdmin SQL Dump
-- version 5.2.1
-- https://www.phpmyadmin.net/
--
-- Host: 127.0.0.1
-- Tempo de geração: 16/04/2025 às 20:45
-- Versão do servidor: 10.4.32-MariaDB
-- Versão do PHP: 8.2.12

SET SQL_MODE = "NO_AUTO_VALUE_ON_ZERO";
START TRANSACTION;
SET time_zone = "+00:00";


/*!40101 SET @OLD_CHARACTER_SET_CLIENT=@@CHARACTER_SET_CLIENT */;
/*!40101 SET @OLD_CHARACTER_SET_RESULTS=@@CHARACTER_SET_RESULTS */;
/*!40101 SET @OLD_COLLATION_CONNECTION=@@COLLATION_CONNECTION */;
/*!40101 SET NAMES utf8mb4 */;

--
-- Banco de dados: `projetovida`
--

-- --------------------------------------------------------

--
-- Estrutura para tabela `fotos`
--

CREATE TABLE `fotos` (
  `id` int(10) UNSIGNED NOT NULL,
  `nome` varchar(60) NOT NULL,
  `conteudo` mediumblob NOT NULL,
  `tipo` varchar(20) NOT NULL,
  `tamanho` int(10) UNSIGNED NOT NULL,
  `user_id` int(11) DEFAULT NULL
) ENGINE=InnoDB DEFAULT CHARSET=utf8 COLLATE=utf8_unicode_ci;

-- --------------------------------------------------------

--
-- Estrutura para tabela `patterns`
--

CREATE TABLE `patterns` (
  `id` tinyint(4) NOT NULL,
  `name` varchar(30) NOT NULL,
  `emotions` varchar(255) NOT NULL,
  `goal` varchar(255) NOT NULL,
  `judges_others` varchar(255) NOT NULL,
  `influences_others` varchar(255) NOT NULL,
  `organization_value` varchar(255) NOT NULL,
  `overuses` varchar(255) NOT NULL,
  `under_pressure` varchar(255) NOT NULL,
  `fear` varchar(255) NOT NULL,
  `effectiveness` varchar(255) NOT NULL,
  `description` text NOT NULL
) ENGINE=MyISAM DEFAULT CHARSET=latin1 COLLATE=latin1_swedish_ci;

--
-- Despejando dados para a tabela `patterns`
--

INSERT INTO `patterns` (`id`, `name`, `emotions`, `goal`, `judges_others`, `influences_others`, `organization_value`, `overuses`, `under_pressure`, `fear`, `effectiveness`, `description`) VALUES
(5, 'Influência Média', 'Demonstra emoções com moderação e leveza', 'Criar conexões e manter ambiente agradável', 'Julga pela empatia e sinceridade', 'Influencia com otimismo e abertura', 'Valoriza comunicação e colaboração', 'Pode ser disperso ou pouco profundo', 'Fica ansioso com críticas', 'Medo de decepcionar os outros', 'Alta em ambientes motivadores', 'Pessoa que une equipes, é comunicativa e adaptável'),
(4, 'Influência Alta', 'Expressa emoções de forma aberta e contagiante', 'Ser reconhecido e admirado', 'Julga pela simpatia e aceitação', 'Influencia com carisma e entusiasmo', 'Valoriza relacionamentos e ambiente leve', 'Pode ser impulsivo ou exagerado', 'Busca atenção ou aprovação', 'Medo de rejeição ou isolamento', 'Alta quando há interação e estímulo', 'Pessoa extrovertida, envolvente, mas precisa focar nos detalhes'),
(3, 'Dominância Baixa', 'Evita conflitos e expressa emoções de forma passiva', 'Evitar confrontos, manter estabilidade', 'Julga pela intenção e esforço', 'Influencia de forma indireta e diplomática', 'Valoriza consenso e respeito', 'Pode ceder facilmente ou ser passivo demais', 'Reage evitando decisões ou confrontos', 'Medo de ser pressionado ou forçado a liderar', 'Melhora em ambientes colaborativos', 'Pessoa que evita confronto, age com cautela, mas pode perder oportunidades por hesitação'),
(2, 'Dominância Média', 'Controla emoções, mas mantém assertividade', 'Obter resultados com equilíbrio', 'Julga pela clareza e decisões práticas', 'Influencia por determinação e exemplo', 'Valoriza eficiência e agilidade', 'Pode se tornar teimoso ou impaciente', 'Fica impaciente com lentidão ou falta de direção', 'Medo de parecer indeciso ou ineficaz', 'Alta em ambientes organizados', 'Líder focado que equilibra bem pressão e pragmatismo'),
(1, 'Dominância Alta', 'Expressa emoção de forma direta e intensa', 'Alcançar resultados rápidos', 'Julga pela competência e eficácia', 'Influencia através da força e controle', 'Valoriza eficiência e ação', 'Pode se tornar autoritário ou impaciente', 'Torna-se ainda mais controlador', 'Medo de perder o controle ou ser visto como fraco', 'Alta em situações de desafio', 'Pessoa extremamente orientada a resultados, com forte iniciativa, mas que pode atropelar os outros se não moderar sua intensidade'),
(6, 'Influência Baixa', 'Reservado, expressa emoções com cautela', 'Evitar exposição e manter a descrição', 'Julga pela consistência e respeito', 'Influencia com bons exemplos e coerência', 'Valoriza discrição e segurança emocional', 'Pode parecer frio ou distante', 'Isola-se e evita interações sociais', 'Medo de se expor ou ser mal interpretado', 'Alta em ambientes tranquilos e estáveis', 'Pessoa observadora, leal, mas precisa se abrir mais'),
(7, 'Estabilidade Alta', 'Demonstra emoções com calma e previsibilidade', 'Manter a harmonia e segurança', 'Julga pela lealdade e constância', 'Influencia com apoio e paciência', 'Valoriza rotina e relacionamentos duradouros', 'Pode resistir a mudanças', 'Fica paralisado com pressão', 'Medo de mudanças abruptas', 'Alta em ambientes estáveis', 'Pessoa confiável e consistente, mas precisa se desafiar mais'),
(8, 'Estabilidade Média', 'Mostra emoções de forma equilibrada', 'Conservar relações e ambiente saudável', 'Julga pela estabilidade emocional e confiança', 'Influencia por escuta e presença constante', 'Valoriza equilíbrio e clareza', 'Pode ser indeciso ou lento em agir', 'Reage tentando manter tudo como está', 'Medo de perder equilíbrio emocional', 'Alta quando se sente seguro', 'Pessoa empática, flexível, mas precisa tomar iniciativa'),
(9, 'Estabilidade Baixa', 'Varia emocionalmente com facilidade', 'Buscar novos estímulos ou ambientes diferentes', 'Julga pela conveniência e momento', 'Influencia por adaptação e versatilidade', 'Valoriza liberdade e novas experiências', 'Pode ser inconstante ou disperso', 'Reage fugindo de rotinas', 'Medo de ficar preso a padrões', 'Alta em situações novas e desafiadoras', 'Pessoa flexível e adaptável, mas que pode evitar compromissos longos'),
(10, 'Conformidade Alta', 'Expressa emoções com controle e precisão', 'Fazer tudo com perfeição e dentro das regras', 'Julga pela lógica e exatidão', 'Influencia com dados, planejamento e padrões', 'Valoriza qualidade e normas', 'Pode ser crítico ou rígido demais', 'Reage com cobrança e preocupação com erros', 'Medo de errar ou ser criticado', 'Alta em ambientes estruturados', 'Pessoa meticulosa, confiável e analítica, mas que precisa aceitar imperfeições'),
(11, 'Conformidade Média', 'Demonstra emoções de forma racional e tranquila', 'Fazer certo, mas com flexibilidade', 'Julga pela ética e precisão razoável', 'Influencia pelo exemplo técnico e coerente', 'Valoriza organização e responsabilidade', 'Pode ser metódico demais', 'Reage com cautela excessiva', 'Medo de desorganização ou caos', 'Alta em equipes organizadas', 'Pessoa que entrega qualidade com equilíbrio, mas que pode resistir à inovação'),
(12, 'Conformidade Baixa', 'Expressa emoções livremente, com pouca autocrítica', 'Focar mais no resultado do que no processo', 'Julga pelo impacto prático', 'Influencia por praticidade e ousadia', 'Valoriza liberdade e inovação', 'Pode ignorar detalhes ou regras', 'Reage com impulsividade', 'Medo de burocracias e limitações', 'Alta em ambientes dinâmicos', 'Pessoa criativa e ousada, mas precisa cuidar da organização'),
(13, 'Perfil Composto: D/I', 'Combina assertividade com carisma', 'Influenciar pessoas e alcançar resultados', 'Julga pela iniciativa e envolvimento', 'Influencia com energia e presença marcante', 'Valoriza ação e comunicação', 'Pode ser impulsivo e impaciente', 'Reage com dominância e teatralidade', 'Medo de parecer fraco ou irrelevante', 'Alta quando há liberdade para liderar', 'Líder nato, que motiva, age rápido e inspira, mas precisa ouvir mais'),
(14, 'Perfil Composto: S/C', 'Demonstra emoções com calma e cautela', 'Garantir segurança e excelência', 'Julga pela confiança e consistência', 'Influencia com exemplo e estrutura', 'Valoriza previsibilidade e ordem', 'Pode resistir a improvisos ou mudanças rápidas', 'Reage com retraimento e análise', 'Medo de erros ou rompimentos', 'Alta em ambientes organizados e estáveis', 'Pessoa sensível, estruturada e comprometida, mas precisa de flexibilidade para crescer');

-- --------------------------------------------------------

--
-- Estrutura para tabela `pattern_map`
--

CREATE TABLE `pattern_map` (
  `d` tinyint(1) NOT NULL,
  `i` tinyint(1) NOT NULL,
  `s` tinyint(1) NOT NULL,
  `c` tinyint(1) NOT NULL,
  `pattern` tinyint(1) NOT NULL
) ENGINE=MyISAM DEFAULT CHARSET=latin1 COLLATE=latin1_swedish_ci;

--
-- Despejando dados para a tabela `pattern_map`
--

INSERT INTO `pattern_map` (`d`, `i`, `s`, `c`, `pattern`) VALUES
(7, 7, 7, 7, 14),
(7, 7, 7, 6, 14),
(7, 7, 7, 5, 14),
(7, 7, 7, 4, 14),
(7, 7, 7, 3, 14),
(7, 7, 7, 2, 14),
(7, 7, 7, 1, 14),
(7, 7, 6, 7, 14),
(7, 7, 6, 6, 14),
(7, 7, 6, 5, 14),
(7, 7, 6, 4, 14),
(7, 7, 6, 3, 14),
(7, 7, 6, 2, 14),
(7, 7, 6, 1, 14),
(7, 7, 5, 7, 14),
(7, 7, 5, 6, 14),
(7, 7, 5, 5, 14),
(7, 7, 5, 4, 14),
(7, 7, 5, 3, 14),
(7, 7, 5, 2, 14),
(7, 7, 5, 1, 14),
(7, 7, 4, 7, 14),
(7, 7, 4, 6, 14),
(7, 7, 4, 5, 14),
(7, 7, 4, 4, 14),
(7, 7, 4, 3, 14),
(7, 7, 4, 2, 14),
(7, 7, 4, 1, 14),
(7, 7, 3, 7, 14),
(7, 7, 3, 6, 14),
(7, 7, 3, 5, 14),
(7, 7, 3, 4, 14),
(7, 7, 3, 3, 14),
(7, 7, 3, 2, 14),
(7, 7, 3, 1, 14),
(7, 7, 2, 7, 14),
(7, 7, 2, 6, 14),
(7, 7, 2, 5, 14),
(7, 7, 2, 4, 14),
(7, 7, 2, 3, 14),
(7, 7, 2, 2, 14),
(7, 7, 2, 1, 14),
(7, 7, 1, 7, 14),
(7, 7, 1, 6, 14),
(7, 7, 1, 5, 14),
(7, 7, 1, 4, 14),
(7, 7, 1, 3, 14),
(7, 7, 1, 2, 14),
(7, 7, 1, 1, 14),
(7, 6, 7, 7, 7),
(7, 6, 7, 6, 7),
(7, 6, 7, 5, 7),
(7, 6, 7, 4, 7),
(7, 6, 7, 3, 7),
(7, 6, 7, 2, 7),
(7, 6, 7, 1, 7),
(7, 6, 6, 7, 7),
(7, 6, 6, 6, 7),
(7, 6, 6, 5, 7),
(7, 6, 6, 4, 7),
(7, 6, 6, 3, 7),
(7, 6, 6, 2, 7),
(7, 6, 6, 1, 7),
(7, 6, 5, 7, 7),
(7, 6, 5, 6, 7),
(7, 6, 5, 5, 7),
(7, 6, 5, 4, 7),
(7, 6, 5, 3, 7),
(7, 6, 5, 2, 7),
(7, 6, 5, 1, 7),
(7, 6, 4, 7, 7),
(7, 6, 4, 6, 7),
(7, 6, 4, 5, 7),
(7, 6, 4, 4, 7),
(7, 6, 4, 3, 7),
(7, 6, 4, 2, 7),
(7, 6, 4, 1, 7),
(7, 6, 3, 7, 7),
(7, 6, 3, 6, 7),
(7, 6, 3, 5, 7),
(7, 6, 3, 4, 7),
(7, 6, 3, 3, 7),
(7, 6, 3, 2, 7),
(7, 6, 3, 1, 7),
(7, 6, 2, 7, 7),
(7, 6, 2, 6, 7),
(7, 6, 2, 5, 7),
(7, 6, 2, 4, 7),
(7, 6, 2, 3, 7),
(7, 6, 2, 2, 7),
(7, 6, 2, 1, 7),
(7, 6, 1, 7, 7),
(7, 6, 1, 6, 7),
(7, 6, 1, 5, 7),
(7, 6, 1, 4, 7),
(7, 6, 1, 3, 7),
(7, 6, 1, 2, 7),
(7, 6, 1, 1, 7),
(7, 5, 7, 7, 14),
(7, 5, 7, 6, 14),
(7, 5, 7, 5, 14),
(7, 5, 7, 4, 14),
(7, 5, 7, 3, 14),
(7, 5, 7, 2, 14),
(7, 5, 7, 1, 14),
(7, 5, 6, 7, 14),
(7, 5, 6, 6, 14),
(7, 5, 6, 5, 14),
(7, 5, 6, 4, 14),
(7, 5, 6, 3, 14),
(7, 5, 6, 2, 14),
(7, 5, 6, 1, 14),
(7, 5, 5, 7, 14),
(7, 5, 5, 6, 14),
(7, 5, 5, 5, 14),
(7, 5, 5, 4, 14),
(7, 5, 5, 3, 14),
(7, 5, 5, 2, 14),
(7, 5, 5, 1, 14),
(7, 5, 4, 7, 14),
(7, 5, 4, 6, 14),
(7, 5, 4, 5, 14),
(7, 5, 4, 4, 14),
(7, 5, 4, 3, 14),
(7, 5, 4, 2, 14),
(7, 5, 4, 1, 14),
(7, 5, 3, 7, 14),
(7, 5, 3, 6, 14),
(7, 5, 3, 5, 14),
(7, 5, 3, 4, 14),
(7, 5, 3, 3, 14),
(7, 5, 3, 2, 14),
(7, 5, 3, 1, 14),
(7, 5, 2, 7, 14),
(7, 5, 2, 6, 14),
(7, 5, 2, 5, 14),
(7, 5, 2, 4, 14),
(7, 5, 2, 3, 14),
(7, 5, 2, 2, 14),
(7, 5, 2, 1, 14),
(7, 5, 1, 7, 14),
(7, 5, 1, 6, 14),
(7, 5, 1, 5, 14),
(7, 5, 1, 4, 14),
(7, 5, 1, 3, 14),
(7, 5, 1, 2, 14),
(7, 5, 1, 1, 14),
(7, 4, 7, 7, 7),
(7, 4, 7, 6, 7),
(7, 4, 7, 5, 7),
(7, 4, 7, 4, 7),
(7, 4, 7, 3, 7),
(7, 4, 7, 2, 7),
(7, 4, 7, 1, 7),
(7, 4, 6, 7, 7),
(7, 4, 6, 6, 7),
(7, 4, 6, 5, 7),
(7, 4, 6, 4, 7),
(7, 4, 6, 3, 7),
(7, 4, 6, 2, 7),
(7, 4, 6, 1, 7),
(7, 4, 5, 7, 7),
(7, 4, 5, 6, 7),
(7, 4, 5, 5, 7),
(7, 4, 5, 4, 7),
(7, 4, 5, 3, 7),
(7, 4, 5, 2, 7),
(7, 4, 5, 1, 7),
(7, 4, 4, 7, 7),
(7, 4, 4, 6, 7),
(7, 4, 4, 5, 7),
(7, 4, 4, 4, 7),
(7, 4, 4, 3, 7),
(7, 4, 4, 2, 7),
(7, 4, 4, 1, 7),
(7, 4, 3, 7, 7),
(7, 4, 3, 6, 7),
(7, 4, 3, 5, 7),
(7, 4, 3, 4, 7),
(7, 4, 3, 3, 7),
(7, 4, 3, 2, 7),
(7, 4, 3, 1, 7),
(7, 4, 2, 7, 7),
(7, 4, 2, 6, 7),
(7, 4, 2, 5, 7),
(7, 4, 2, 4, 7),
(7, 4, 2, 3, 7),
(7, 4, 2, 2, 7),
(7, 4, 2, 1, 7),
(7, 4, 1, 7, 7),
(7, 4, 1, 6, 7),
(7, 4, 1, 5, 7),
(7, 4, 1, 4, 7),
(7, 4, 1, 3, 7),
(7, 4, 1, 2, 7),
(7, 4, 1, 1, 7),
(7, 3, 7, 7, 14),
(7, 3, 7, 6, 14),
(7, 3, 7, 5, 14),
(7, 3, 7, 4, 14),
(7, 3, 7, 3, 14),
(7, 3, 7, 2, 14),
(7, 3, 7, 1, 14),
(7, 3, 6, 7, 14),
(7, 3, 6, 6, 14),
(7, 3, 6, 5, 14),
(7, 3, 6, 4, 14),
(7, 3, 6, 3, 14),
(7, 3, 6, 2, 14),
(7, 3, 6, 1, 14),
(7, 3, 5, 7, 14),
(7, 3, 5, 6, 14),
(7, 3, 5, 5, 14),
(7, 3, 5, 4, 14),
(7, 3, 5, 3, 14),
(7, 3, 5, 2, 14),
(7, 3, 5, 1, 14),
(7, 3, 4, 7, 14),
(7, 3, 4, 6, 14),
(7, 3, 4, 5, 14),
(7, 3, 4, 4, 14),
(7, 3, 4, 3, 14),
(7, 3, 4, 2, 14),
(7, 3, 4, 1, 14),
(7, 3, 3, 7, 14),
(7, 3, 3, 6, 14),
(7, 3, 3, 5, 14),
(7, 3, 3, 4, 14),
(7, 3, 3, 3, 14),
(7, 3, 3, 2, 14),
(7, 3, 3, 1, 14),
(7, 3, 2, 7, 14),
(7, 3, 2, 6, 14),
(7, 3, 2, 5, 14),
(7, 3, 2, 4, 14),
(7, 3, 2, 3, 14),
(7, 3, 2, 2, 14),
(7, 3, 2, 1, 14),
(7, 3, 1, 7, 14),
(7, 3, 1, 6, 14),
(7, 3, 1, 5, 14),
(7, 3, 1, 4, 14),
(7, 3, 1, 3, 14),
(7, 3, 1, 2, 14),
(7, 3, 1, 1, 14),
(7, 2, 7, 7, 7),
(7, 2, 7, 6, 7),
(7, 2, 7, 5, 7),
(7, 2, 7, 4, 7),
(7, 2, 7, 3, 7),
(7, 2, 7, 2, 7),
(7, 2, 7, 1, 7),
(7, 2, 6, 7, 7),
(7, 2, 6, 6, 7),
(7, 2, 6, 5, 7),
(7, 2, 6, 4, 7),
(7, 2, 6, 3, 7),
(7, 2, 6, 2, 7),
(7, 2, 6, 1, 7),
(7, 2, 5, 7, 7),
(7, 2, 5, 6, 7),
(7, 2, 5, 5, 7),
(7, 2, 5, 4, 7),
(7, 2, 5, 3, 7),
(7, 2, 5, 2, 7),
(7, 2, 5, 1, 7),
(7, 2, 4, 7, 7),
(7, 2, 4, 6, 7),
(7, 2, 4, 5, 7),
(7, 2, 4, 4, 7),
(7, 2, 4, 3, 7),
(7, 2, 4, 2, 7),
(7, 2, 4, 1, 7),
(7, 2, 3, 7, 7),
(7, 2, 3, 6, 7),
(7, 2, 3, 5, 7),
(7, 2, 3, 4, 7),
(7, 2, 3, 3, 7),
(7, 2, 3, 2, 7),
(7, 2, 3, 1, 7),
(7, 2, 2, 7, 7),
(7, 2, 2, 6, 7),
(7, 2, 2, 5, 7),
(7, 2, 2, 4, 7),
(7, 2, 2, 3, 7),
(7, 2, 2, 2, 7),
(7, 2, 2, 1, 7),
(7, 2, 1, 7, 7),
(7, 2, 1, 6, 7),
(7, 2, 1, 5, 7),
(7, 2, 1, 4, 7),
(7, 2, 1, 3, 7),
(7, 2, 1, 2, 7),
(7, 2, 1, 1, 7),
(7, 1, 7, 7, 14),
(7, 1, 7, 6, 14),
(7, 1, 7, 5, 14),
(7, 1, 7, 4, 14),
(7, 1, 7, 3, 14),
(7, 1, 7, 2, 14),
(7, 1, 7, 1, 14),
(7, 1, 6, 7, 14),
(7, 1, 6, 6, 14),
(7, 1, 6, 5, 14),
(7, 1, 6, 4, 14),
(7, 1, 6, 3, 14),
(7, 1, 6, 2, 14),
(7, 1, 6, 1, 14),
(7, 1, 5, 7, 14),
(7, 1, 5, 6, 14),
(7, 1, 5, 5, 14),
(7, 1, 5, 4, 14),
(7, 1, 5, 3, 14),
(7, 1, 5, 2, 14),
(7, 1, 5, 1, 14),
(7, 1, 4, 7, 14),
(7, 1, 4, 6, 14),
(7, 1, 4, 5, 14),
(7, 1, 4, 4, 14),
(7, 1, 4, 3, 14),
(7, 1, 4, 2, 14),
(7, 1, 4, 1, 14),
(7, 1, 3, 7, 14),
(7, 1, 3, 6, 14),
(7, 1, 3, 5, 14),
(7, 1, 3, 4, 14),
(7, 1, 3, 3, 14),
(7, 1, 3, 2, 14),
(7, 1, 3, 1, 14),
(7, 1, 2, 7, 14),
(7, 1, 2, 6, 14),
(7, 1, 2, 5, 14),
(7, 1, 2, 4, 14),
(7, 1, 2, 3, 14),
(7, 1, 2, 2, 14),
(7, 1, 2, 1, 14),
(7, 1, 1, 7, 14),
(7, 1, 1, 6, 14),
(7, 1, 1, 5, 14),
(7, 1, 1, 4, 14),
(7, 1, 1, 3, 14),
(7, 1, 1, 2, 14),
(7, 1, 1, 1, 14),
(6, 7, 7, 7, 13),
(6, 7, 7, 6, 13),
(6, 7, 7, 5, 13),
(6, 7, 7, 4, 13),
(6, 7, 7, 3, 13),
(6, 7, 7, 2, 13),
(6, 7, 7, 1, 13),
(6, 7, 6, 7, 13),
(6, 7, 6, 6, 13),
(6, 7, 6, 5, 13),
(6, 7, 6, 4, 13),
(6, 7, 6, 3, 13),
(6, 7, 6, 2, 13),
(6, 7, 6, 1, 13),
(6, 7, 5, 7, 13),
(6, 7, 5, 6, 13),
(6, 7, 5, 5, 13),
(6, 7, 5, 4, 13),
(6, 7, 5, 3, 13),
(6, 7, 5, 2, 13),
(6, 7, 5, 1, 13),
(6, 7, 4, 7, 13),
(6, 7, 4, 6, 13),
(6, 7, 4, 5, 13),
(6, 7, 4, 4, 13),
(6, 7, 4, 3, 13),
(6, 7, 4, 2, 13),
(6, 7, 4, 1, 13),
(6, 7, 3, 7, 13),
(6, 7, 3, 6, 13),
(6, 7, 3, 5, 13),
(6, 7, 3, 4, 13),
(6, 7, 3, 3, 13),
(6, 7, 3, 2, 13),
(6, 7, 3, 1, 13),
(6, 7, 2, 7, 13),
(6, 7, 2, 6, 13),
(6, 7, 2, 5, 13),
(6, 7, 2, 4, 13),
(6, 7, 2, 3, 13),
(6, 7, 2, 2, 13),
(6, 7, 2, 1, 13),
(6, 7, 1, 7, 13),
(6, 7, 1, 6, 13),
(6, 7, 1, 5, 13),
(6, 7, 1, 4, 13),
(6, 7, 1, 3, 13),
(6, 7, 1, 2, 13),
(6, 7, 1, 1, 13),
(6, 6, 7, 7, 6),
(6, 6, 7, 6, 6),
(6, 6, 7, 5, 6),
(6, 6, 7, 4, 6),
(6, 6, 7, 3, 6),
(6, 6, 7, 2, 6),
(6, 6, 7, 1, 6),
(6, 6, 6, 7, 6),
(6, 6, 6, 6, 6),
(6, 6, 6, 5, 6),
(6, 6, 6, 4, 6),
(6, 6, 6, 3, 6),
(6, 6, 6, 2, 6),
(6, 6, 6, 1, 6),
(6, 6, 5, 7, 6),
(6, 6, 5, 6, 6),
(6, 6, 5, 5, 6),
(6, 6, 5, 4, 6),
(6, 6, 5, 3, 6),
(6, 6, 5, 2, 6),
(6, 6, 5, 1, 6),
(6, 6, 4, 7, 6),
(6, 6, 4, 6, 6),
(6, 6, 4, 5, 6),
(6, 6, 4, 4, 6),
(6, 6, 4, 3, 6),
(6, 6, 4, 2, 6),
(6, 6, 4, 1, 6),
(6, 6, 3, 7, 6),
(6, 6, 3, 6, 6),
(6, 6, 3, 5, 6),
(6, 6, 3, 4, 6),
(6, 6, 3, 3, 6),
(6, 6, 3, 2, 6),
(6, 6, 3, 1, 6),
(6, 6, 2, 7, 6),
(6, 6, 2, 6, 6),
(6, 6, 2, 5, 6),
(6, 6, 2, 4, 6),
(6, 6, 2, 3, 6),
(6, 6, 2, 2, 6),
(6, 6, 2, 1, 6),
(6, 6, 1, 7, 6),
(6, 6, 1, 6, 6),
(6, 6, 1, 5, 6),
(6, 6, 1, 4, 6),
(6, 6, 1, 3, 6),
(6, 6, 1, 2, 6),
(6, 6, 1, 1, 6),
(6, 5, 7, 7, 13),
(6, 5, 7, 6, 13),
(6, 5, 7, 5, 13),
(6, 5, 7, 4, 13),
(6, 5, 7, 3, 13),
(6, 5, 7, 2, 13),
(6, 5, 7, 1, 13),
(6, 5, 6, 7, 13),
(6, 5, 6, 6, 13),
(6, 5, 6, 5, 13),
(6, 5, 6, 4, 13),
(6, 5, 6, 3, 13),
(6, 5, 6, 2, 13),
(6, 5, 6, 1, 13),
(6, 5, 5, 7, 13),
(6, 5, 5, 6, 13),
(6, 5, 5, 5, 13),
(6, 5, 5, 4, 13),
(6, 5, 5, 3, 13),
(6, 5, 5, 2, 13),
(6, 5, 5, 1, 13),
(6, 5, 4, 7, 13),
(6, 5, 4, 6, 13),
(6, 5, 4, 5, 13),
(6, 5, 4, 4, 13),
(6, 5, 4, 3, 13),
(6, 5, 4, 2, 13),
(6, 5, 4, 1, 13),
(6, 5, 3, 7, 13),
(6, 5, 3, 6, 13),
(6, 5, 3, 5, 13),
(6, 5, 3, 4, 13),
(6, 5, 3, 3, 13),
(6, 5, 3, 2, 13),
(6, 5, 3, 1, 13),
(6, 5, 2, 7, 13),
(6, 5, 2, 6, 13),
(6, 5, 2, 5, 13),
(6, 5, 2, 4, 13),
(6, 5, 2, 3, 13),
(6, 5, 2, 2, 13),
(6, 5, 2, 1, 13),
(6, 5, 1, 7, 13),
(6, 5, 1, 6, 13),
(6, 5, 1, 5, 13),
(6, 5, 1, 4, 13),
(6, 5, 1, 3, 13),
(6, 5, 1, 2, 13),
(6, 5, 1, 1, 13),
(6, 4, 7, 7, 6),
(6, 4, 7, 6, 6),
(6, 4, 7, 5, 6),
(6, 4, 7, 4, 6),
(6, 4, 7, 3, 6),
(6, 4, 7, 2, 6),
(6, 4, 7, 1, 6),
(6, 4, 6, 7, 6),
(6, 4, 6, 6, 6),
(6, 4, 6, 5, 6),
(6, 4, 6, 4, 6),
(6, 4, 6, 3, 6),
(6, 4, 6, 2, 6),
(6, 4, 6, 1, 6),
(6, 4, 5, 7, 6),
(6, 4, 5, 6, 6),
(6, 4, 5, 5, 6),
(6, 4, 5, 4, 6),
(6, 4, 5, 3, 6),
(6, 4, 5, 2, 6),
(6, 4, 5, 1, 6),
(6, 4, 4, 7, 6),
(6, 4, 4, 6, 6),
(6, 4, 4, 5, 6),
(6, 4, 4, 4, 6),
(6, 4, 4, 3, 6),
(6, 4, 4, 2, 6),
(6, 4, 4, 1, 6),
(6, 4, 3, 7, 6),
(6, 4, 3, 6, 6),
(6, 4, 3, 5, 6),
(6, 4, 3, 4, 6),
(6, 4, 3, 3, 6),
(6, 4, 3, 2, 6),
(6, 4, 3, 1, 6),
(6, 4, 2, 7, 6),
(6, 4, 2, 6, 6),
(6, 4, 2, 5, 6),
(6, 4, 2, 4, 6),
(6, 4, 2, 3, 6),
(6, 4, 2, 2, 6),
(6, 4, 2, 1, 6),
(6, 4, 1, 7, 6),
(6, 4, 1, 6, 6),
(6, 4, 1, 5, 6),
(6, 4, 1, 4, 6),
(6, 4, 1, 3, 6),
(6, 4, 1, 2, 6),
(6, 4, 1, 1, 6),
(6, 3, 7, 7, 13),
(6, 3, 7, 6, 13),
(6, 3, 7, 5, 13),
(6, 3, 7, 4, 13),
(6, 3, 7, 3, 13),
(6, 3, 7, 2, 13),
(6, 3, 7, 1, 13),
(6, 3, 6, 7, 13),
(6, 3, 6, 6, 13),
(6, 3, 6, 5, 13),
(6, 3, 6, 4, 13),
(6, 3, 6, 3, 13),
(6, 3, 6, 2, 13),
(6, 3, 6, 1, 13),
(6, 3, 5, 7, 13),
(6, 3, 5, 6, 13),
(6, 3, 5, 5, 13),
(6, 3, 5, 4, 13),
(6, 3, 5, 3, 13),
(6, 3, 5, 2, 13),
(6, 3, 5, 1, 13),
(6, 3, 4, 7, 13),
(6, 3, 4, 6, 13),
(6, 3, 4, 5, 13),
(6, 3, 4, 4, 13),
(6, 3, 4, 3, 13),
(6, 3, 4, 2, 13),
(6, 3, 4, 1, 13),
(6, 3, 3, 7, 13),
(6, 3, 3, 6, 13),
(6, 3, 3, 5, 13),
(6, 3, 3, 4, 13),
(6, 3, 3, 3, 13),
(6, 3, 3, 2, 13),
(6, 3, 3, 1, 13),
(6, 3, 2, 7, 13),
(6, 3, 2, 6, 13),
(6, 3, 2, 5, 13),
(6, 3, 2, 4, 13),
(6, 3, 2, 3, 13),
(6, 3, 2, 2, 13),
(6, 3, 2, 1, 13),
(6, 3, 1, 7, 13),
(6, 3, 1, 6, 13),
(6, 3, 1, 5, 13),
(6, 3, 1, 4, 13),
(6, 3, 1, 3, 13),
(6, 3, 1, 2, 13),
(6, 3, 1, 1, 13),
(6, 2, 7, 7, 6),
(6, 2, 7, 6, 6),
(6, 2, 7, 5, 6),
(6, 2, 7, 4, 6),
(6, 2, 7, 3, 6),
(6, 2, 7, 2, 6),
(6, 2, 7, 1, 6),
(6, 2, 6, 7, 6),
(6, 2, 6, 6, 6),
(6, 2, 6, 5, 6),
(6, 2, 6, 4, 6),
(6, 2, 6, 3, 6),
(6, 2, 6, 2, 6),
(6, 2, 6, 1, 6),
(6, 2, 5, 7, 6),
(6, 2, 5, 6, 6),
(6, 2, 5, 5, 6),
(6, 2, 5, 4, 6),
(6, 2, 5, 3, 6),
(6, 2, 5, 2, 6),
(6, 2, 5, 1, 6),
(6, 2, 4, 7, 6),
(6, 2, 4, 6, 6),
(6, 2, 4, 5, 6),
(6, 2, 4, 4, 6),
(6, 2, 4, 3, 6),
(6, 2, 4, 2, 6),
(6, 2, 4, 1, 6),
(6, 2, 3, 7, 6),
(6, 2, 3, 6, 6),
(6, 2, 3, 5, 6),
(6, 2, 3, 4, 6),
(6, 2, 3, 3, 6),
(6, 2, 3, 2, 6),
(6, 2, 3, 1, 6),
(6, 2, 2, 7, 6),
(6, 2, 2, 6, 6),
(6, 2, 2, 5, 6),
(6, 2, 2, 4, 6),
(6, 2, 2, 3, 6),
(6, 2, 2, 2, 6),
(6, 2, 2, 1, 6),
(6, 2, 1, 7, 6),
(6, 2, 1, 6, 6),
(6, 2, 1, 5, 6),
(6, 2, 1, 4, 6),
(6, 2, 1, 3, 6),
(6, 2, 1, 2, 6),
(6, 2, 1, 1, 6),
(6, 1, 7, 7, 13),
(6, 1, 7, 6, 13),
(6, 1, 7, 5, 13),
(6, 1, 7, 4, 13),
(6, 1, 7, 3, 13),
(6, 1, 7, 2, 13),
(6, 1, 7, 1, 13),
(6, 1, 6, 7, 13),
(6, 1, 6, 6, 13),
(6, 1, 6, 5, 13),
(6, 1, 6, 4, 13),
(6, 1, 6, 3, 13),
(6, 1, 6, 2, 13),
(6, 1, 6, 1, 13),
(6, 1, 5, 7, 13),
(6, 1, 5, 6, 13),
(6, 1, 5, 5, 13),
(6, 1, 5, 4, 13),
(6, 1, 5, 3, 13),
(6, 1, 5, 2, 13),
(6, 1, 5, 1, 13),
(6, 1, 4, 7, 13),
(6, 1, 4, 6, 13),
(6, 1, 4, 5, 13),
(6, 1, 4, 4, 13),
(6, 1, 4, 3, 13),
(6, 1, 4, 2, 13),
(6, 1, 4, 1, 13),
(6, 1, 3, 7, 13),
(6, 1, 3, 6, 13),
(6, 1, 3, 5, 13),
(6, 1, 3, 4, 13),
(6, 1, 3, 3, 13),
(6, 1, 3, 2, 13),
(6, 1, 3, 1, 13),
(6, 1, 2, 7, 13),
(6, 1, 2, 6, 13),
(6, 1, 2, 5, 13),
(6, 1, 2, 4, 13),
(6, 1, 2, 3, 13),
(6, 1, 2, 2, 13),
(6, 1, 2, 1, 13),
(6, 1, 1, 7, 13),
(6, 1, 1, 6, 13),
(6, 1, 1, 5, 13),
(6, 1, 1, 4, 13),
(6, 1, 1, 3, 13),
(6, 1, 1, 2, 13),
(6, 1, 1, 1, 13),
(5, 7, 7, 7, 12),
(5, 7, 7, 6, 12),
(5, 7, 7, 5, 12),
(5, 7, 7, 4, 12),
(5, 7, 7, 3, 12),
(5, 7, 7, 2, 12),
(5, 7, 7, 1, 12),
(5, 7, 6, 7, 12),
(5, 7, 6, 6, 12),
(5, 7, 6, 5, 12),
(5, 7, 6, 4, 12),
(5, 7, 6, 3, 12),
(5, 7, 6, 2, 12),
(5, 7, 6, 1, 12),
(5, 7, 5, 7, 12),
(5, 7, 5, 6, 12),
(5, 7, 5, 5, 12),
(5, 7, 5, 4, 12),
(5, 7, 5, 3, 12),
(5, 7, 5, 2, 12),
(5, 7, 5, 1, 12),
(5, 7, 4, 7, 12),
(5, 7, 4, 6, 12),
(5, 7, 4, 5, 12),
(5, 7, 4, 4, 12),
(5, 7, 4, 3, 12),
(5, 7, 4, 2, 12),
(5, 7, 4, 1, 12),
(5, 7, 3, 7, 12),
(5, 7, 3, 6, 12),
(5, 7, 3, 5, 12),
(5, 7, 3, 4, 12),
(5, 7, 3, 3, 12),
(5, 7, 3, 2, 12),
(5, 7, 3, 1, 12),
(5, 7, 2, 7, 12),
(5, 7, 2, 6, 12),
(5, 7, 2, 5, 12),
(5, 7, 2, 4, 12),
(5, 7, 2, 3, 12),
(5, 7, 2, 2, 12),
(5, 7, 2, 1, 12),
(5, 7, 1, 7, 12),
(5, 7, 1, 6, 12),
(5, 7, 1, 5, 12),
(5, 7, 1, 4, 12),
(5, 7, 1, 3, 12),
(5, 7, 1, 2, 12),
(5, 7, 1, 1, 12),
(5, 6, 7, 7, 5),
(5, 6, 7, 6, 5),
(5, 6, 7, 5, 5),
(5, 6, 7, 4, 5),
(5, 6, 7, 3, 5),
(5, 6, 7, 2, 5),
(5, 6, 7, 1, 5),
(5, 6, 6, 7, 5),
(5, 6, 6, 6, 5),
(5, 6, 6, 5, 5),
(5, 6, 6, 4, 5),
(5, 6, 6, 3, 5),
(5, 6, 6, 2, 5),
(5, 6, 6, 1, 5),
(5, 6, 5, 7, 5),
(5, 6, 5, 6, 5),
(5, 6, 5, 5, 5),
(5, 6, 5, 4, 5),
(5, 6, 5, 3, 5),
(5, 6, 5, 2, 5),
(5, 6, 5, 1, 5),
(5, 6, 4, 7, 5),
(5, 6, 4, 6, 5),
(5, 6, 4, 5, 5),
(5, 6, 4, 4, 5),
(5, 6, 4, 3, 5),
(5, 6, 4, 2, 5),
(5, 6, 4, 1, 5),
(5, 6, 3, 7, 5),
(5, 6, 3, 6, 5),
(5, 6, 3, 5, 5),
(5, 6, 3, 4, 5),
(5, 6, 3, 3, 5),
(5, 6, 3, 2, 5),
(5, 6, 3, 1, 5),
(5, 6, 2, 7, 5),
(5, 6, 2, 6, 5),
(5, 6, 2, 5, 5),
(5, 6, 2, 4, 5),
(5, 6, 2, 3, 5),
(5, 6, 2, 2, 5),
(5, 6, 2, 1, 5),
(5, 6, 1, 7, 5),
(5, 6, 1, 6, 5),
(5, 6, 1, 5, 5),
(5, 6, 1, 4, 5),
(5, 6, 1, 3, 5),
(5, 6, 1, 2, 5),
(5, 6, 1, 1, 5),
(5, 5, 7, 7, 12),
(5, 5, 7, 6, 12),
(5, 5, 7, 5, 12),
(5, 5, 7, 4, 12),
(5, 5, 7, 3, 12),
(5, 5, 7, 2, 12),
(5, 5, 7, 1, 12),
(5, 5, 6, 7, 12),
(5, 5, 6, 6, 12),
(5, 5, 6, 5, 12),
(5, 5, 6, 4, 12),
(5, 5, 6, 3, 12),
(5, 5, 6, 2, 12),
(5, 5, 6, 1, 12),
(5, 5, 5, 7, 12),
(5, 5, 5, 6, 12),
(5, 5, 5, 5, 12),
(5, 5, 5, 4, 12),
(5, 5, 5, 3, 12),
(5, 5, 5, 2, 12),
(5, 5, 5, 1, 12),
(5, 5, 4, 7, 12),
(5, 5, 4, 6, 12),
(5, 5, 4, 5, 12),
(5, 5, 4, 4, 12),
(5, 5, 4, 3, 12),
(5, 5, 4, 2, 12),
(5, 5, 4, 1, 12),
(5, 5, 3, 7, 12),
(5, 5, 3, 6, 12),
(5, 5, 3, 5, 12),
(5, 5, 3, 4, 12),
(5, 5, 3, 3, 12),
(5, 5, 3, 2, 12),
(5, 5, 3, 1, 12),
(5, 5, 2, 7, 12),
(5, 5, 2, 6, 12),
(5, 5, 2, 5, 12),
(5, 5, 2, 4, 12),
(5, 5, 2, 3, 12),
(5, 5, 2, 2, 12),
(5, 5, 2, 1, 12),
(5, 5, 1, 7, 12),
(5, 5, 1, 6, 12),
(5, 5, 1, 5, 12),
(5, 5, 1, 4, 12),
(5, 5, 1, 3, 12),
(5, 5, 1, 2, 12),
(5, 5, 1, 1, 12),
(5, 4, 7, 7, 5),
(5, 4, 7, 6, 5),
(5, 4, 7, 5, 5),
(5, 4, 7, 4, 5),
(5, 4, 7, 3, 5),
(5, 4, 7, 2, 5),
(5, 4, 7, 1, 5),
(5, 4, 6, 7, 5),
(5, 4, 6, 6, 5),
(5, 4, 6, 5, 5),
(5, 4, 6, 4, 5),
(5, 4, 6, 3, 5),
(5, 4, 6, 2, 5),
(5, 4, 6, 1, 5),
(5, 4, 5, 7, 5),
(5, 4, 5, 6, 5),
(5, 4, 5, 5, 5),
(5, 4, 5, 4, 5),
(5, 4, 5, 3, 5),
(5, 4, 5, 2, 5),
(5, 4, 5, 1, 5),
(5, 4, 4, 7, 5),
(5, 4, 4, 6, 5),
(5, 4, 4, 5, 5),
(5, 4, 4, 4, 5),
(5, 4, 4, 3, 5),
(5, 4, 4, 2, 5),
(5, 4, 4, 1, 5),
(5, 4, 3, 7, 5),
(5, 4, 3, 6, 5),
(5, 4, 3, 5, 5),
(5, 4, 3, 4, 5),
(5, 4, 3, 3, 5),
(5, 4, 3, 2, 5),
(5, 4, 3, 1, 5),
(5, 4, 2, 7, 5),
(5, 4, 2, 6, 5),
(5, 4, 2, 5, 5),
(5, 4, 2, 4, 5),
(5, 4, 2, 3, 5),
(5, 4, 2, 2, 5),
(5, 4, 2, 1, 5),
(5, 4, 1, 7, 5),
(5, 4, 1, 6, 5),
(5, 4, 1, 5, 5),
(5, 4, 1, 4, 5),
(5, 4, 1, 3, 5),
(5, 4, 1, 2, 5),
(5, 4, 1, 1, 5),
(5, 3, 7, 7, 12),
(5, 3, 7, 6, 12),
(5, 3, 7, 5, 12),
(5, 3, 7, 4, 12),
(5, 3, 7, 3, 12),
(5, 3, 7, 2, 12),
(5, 3, 7, 1, 12),
(5, 3, 6, 7, 12),
(5, 3, 6, 6, 12),
(5, 3, 6, 5, 12),
(5, 3, 6, 4, 12),
(5, 3, 6, 3, 12),
(5, 3, 6, 2, 12),
(5, 3, 6, 1, 12),
(5, 3, 5, 7, 12),
(5, 3, 5, 6, 12),
(5, 3, 5, 5, 12),
(5, 3, 5, 4, 12),
(5, 3, 5, 3, 12),
(5, 3, 5, 2, 12),
(5, 3, 5, 1, 12),
(5, 3, 4, 7, 12),
(5, 3, 4, 6, 12),
(5, 3, 4, 5, 12),
(5, 3, 4, 4, 12),
(5, 3, 4, 3, 12),
(5, 3, 4, 2, 12),
(5, 3, 4, 1, 12),
(5, 3, 3, 7, 12),
(5, 3, 3, 6, 12),
(5, 3, 3, 5, 12),
(5, 3, 3, 4, 12),
(5, 3, 3, 3, 12),
(5, 3, 3, 2, 12),
(5, 3, 3, 1, 12),
(5, 3, 2, 7, 12),
(5, 3, 2, 6, 12),
(5, 3, 2, 5, 12),
(5, 3, 2, 4, 12),
(5, 3, 2, 3, 12),
(5, 3, 2, 2, 12),
(5, 3, 2, 1, 12),
(5, 3, 1, 7, 12),
(5, 3, 1, 6, 12),
(5, 3, 1, 5, 12),
(5, 3, 1, 4, 12),
(5, 3, 1, 3, 12),
(5, 3, 1, 2, 12),
(5, 3, 1, 1, 12),
(5, 2, 7, 7, 5),
(5, 2, 7, 6, 5),
(5, 2, 7, 5, 5),
(5, 2, 7, 4, 5),
(5, 2, 7, 3, 5),
(5, 2, 7, 2, 5),
(5, 2, 7, 1, 5),
(5, 2, 6, 7, 5),
(5, 2, 6, 6, 5),
(5, 2, 6, 5, 5),
(5, 2, 6, 4, 5),
(5, 2, 6, 3, 5),
(5, 2, 6, 2, 5),
(5, 2, 6, 1, 5),
(5, 2, 5, 7, 5),
(5, 2, 5, 6, 5),
(5, 2, 5, 5, 5),
(5, 2, 5, 4, 5),
(5, 2, 5, 3, 5),
(5, 2, 5, 2, 5),
(5, 2, 5, 1, 5),
(5, 2, 4, 7, 5),
(5, 2, 4, 6, 5),
(5, 2, 4, 5, 5),
(5, 2, 4, 4, 5),
(5, 2, 4, 3, 5),
(5, 2, 4, 2, 5),
(5, 2, 4, 1, 5),
(5, 2, 3, 7, 5),
(5, 2, 3, 6, 5),
(5, 2, 3, 5, 5),
(5, 2, 3, 4, 5),
(5, 2, 3, 3, 5),
(5, 2, 3, 2, 5),
(5, 2, 3, 1, 5),
(5, 2, 2, 7, 5),
(5, 2, 2, 6, 5),
(5, 2, 2, 5, 5),
(5, 2, 2, 4, 5),
(5, 2, 2, 3, 5),
(5, 2, 2, 2, 5),
(5, 2, 2, 1, 5),
(5, 2, 1, 7, 5),
(5, 2, 1, 6, 5),
(5, 2, 1, 5, 5),
(5, 2, 1, 4, 5),
(5, 2, 1, 3, 5),
(5, 2, 1, 2, 5),
(5, 2, 1, 1, 5),
(5, 1, 7, 7, 12),
(5, 1, 7, 6, 12),
(5, 1, 7, 5, 12),
(5, 1, 7, 4, 12),
(5, 1, 7, 3, 12),
(5, 1, 7, 2, 12),
(5, 1, 7, 1, 12),
(5, 1, 6, 7, 12),
(5, 1, 6, 6, 12),
(5, 1, 6, 5, 12),
(5, 1, 6, 4, 12),
(5, 1, 6, 3, 12),
(5, 1, 6, 2, 12),
(5, 1, 6, 1, 12),
(5, 1, 5, 7, 12),
(5, 1, 5, 6, 12),
(5, 1, 5, 5, 12),
(5, 1, 5, 4, 12),
(5, 1, 5, 3, 12),
(5, 1, 5, 2, 12),
(5, 1, 5, 1, 12),
(5, 1, 4, 7, 12),
(5, 1, 4, 6, 12),
(5, 1, 4, 5, 12),
(5, 1, 4, 4, 12),
(5, 1, 4, 3, 12),
(5, 1, 4, 2, 12),
(5, 1, 4, 1, 12),
(5, 1, 3, 7, 12),
(5, 1, 3, 6, 12),
(5, 1, 3, 5, 12),
(5, 1, 3, 4, 12),
(5, 1, 3, 3, 12),
(5, 1, 3, 2, 12),
(5, 1, 3, 1, 12),
(5, 1, 2, 7, 12),
(5, 1, 2, 6, 12),
(5, 1, 2, 5, 12),
(5, 1, 2, 4, 12),
(5, 1, 2, 3, 12),
(5, 1, 2, 2, 12),
(5, 1, 2, 1, 12),
(5, 1, 1, 7, 12),
(5, 1, 1, 6, 12),
(5, 1, 1, 5, 12),
(5, 1, 1, 4, 12),
(5, 1, 1, 3, 12),
(5, 1, 1, 2, 12),
(5, 1, 1, 1, 12),
(4, 7, 7, 7, 11),
(4, 7, 7, 6, 11),
(4, 7, 7, 5, 11),
(4, 7, 7, 4, 11),
(4, 7, 7, 3, 11),
(4, 7, 7, 2, 11),
(4, 7, 7, 1, 11),
(4, 7, 6, 7, 11),
(4, 7, 6, 6, 11),
(4, 7, 6, 5, 11),
(4, 7, 6, 4, 11),
(4, 7, 6, 3, 11),
(4, 7, 6, 2, 11),
(4, 7, 6, 1, 11),
(4, 7, 5, 7, 11),
(4, 7, 5, 6, 11),
(4, 7, 5, 5, 11),
(4, 7, 5, 4, 11),
(4, 7, 5, 3, 11),
(4, 7, 5, 2, 11),
(4, 7, 5, 1, 11),
(4, 7, 4, 7, 11),
(4, 7, 4, 6, 11),
(4, 7, 4, 5, 11),
(4, 7, 4, 4, 11),
(4, 7, 4, 3, 11),
(4, 7, 4, 2, 11),
(4, 7, 4, 1, 11),
(4, 7, 3, 7, 11),
(4, 7, 3, 6, 11),
(4, 7, 3, 5, 11),
(4, 7, 3, 4, 11),
(4, 7, 3, 3, 11),
(4, 7, 3, 2, 11),
(4, 7, 3, 1, 11),
(4, 7, 2, 7, 11),
(4, 7, 2, 6, 11),
(4, 7, 2, 5, 11),
(4, 7, 2, 4, 11),
(4, 7, 2, 3, 11),
(4, 7, 2, 2, 11),
(4, 7, 2, 1, 11),
(4, 7, 1, 7, 11),
(4, 7, 1, 6, 11),
(4, 7, 1, 5, 11),
(4, 7, 1, 4, 11),
(4, 7, 1, 3, 11),
(4, 7, 1, 2, 11),
(4, 7, 1, 1, 11),
(4, 6, 7, 7, 4),
(4, 6, 7, 6, 4),
(4, 6, 7, 5, 4),
(4, 6, 7, 4, 4),
(4, 6, 7, 3, 4),
(4, 6, 7, 2, 4),
(4, 6, 7, 1, 4),
(4, 6, 6, 7, 4),
(4, 6, 6, 6, 4),
(4, 6, 6, 5, 4),
(4, 6, 6, 4, 4),
(4, 6, 6, 3, 4),
(4, 6, 6, 2, 4),
(4, 6, 6, 1, 4),
(4, 6, 5, 7, 4),
(4, 6, 5, 6, 4),
(4, 6, 5, 5, 4),
(4, 6, 5, 4, 4),
(4, 6, 5, 3, 4),
(4, 6, 5, 2, 4),
(4, 6, 5, 1, 4),
(4, 6, 4, 7, 4),
(4, 6, 4, 6, 4),
(4, 6, 4, 5, 4),
(4, 6, 4, 4, 4),
(4, 6, 4, 3, 4),
(4, 6, 4, 2, 4),
(4, 6, 4, 1, 4),
(4, 6, 3, 7, 4),
(4, 6, 3, 6, 4),
(4, 6, 3, 5, 4),
(4, 6, 3, 4, 4),
(4, 6, 3, 3, 4),
(4, 6, 3, 2, 4),
(4, 6, 3, 1, 4),
(4, 6, 2, 7, 4),
(4, 6, 2, 6, 4),
(4, 6, 2, 5, 4),
(4, 6, 2, 4, 4),
(4, 6, 2, 3, 4),
(4, 6, 2, 2, 4),
(4, 6, 2, 1, 4),
(4, 6, 1, 7, 4),
(4, 6, 1, 6, 4),
(4, 6, 1, 5, 4),
(4, 6, 1, 4, 4),
(4, 6, 1, 3, 4),
(4, 6, 1, 2, 4),
(4, 6, 1, 1, 4),
(4, 5, 7, 7, 11),
(4, 5, 7, 6, 11),
(4, 5, 7, 5, 11),
(4, 5, 7, 4, 11),
(4, 5, 7, 3, 11),
(4, 5, 7, 2, 11),
(4, 5, 7, 1, 11),
(4, 5, 6, 7, 11),
(4, 5, 6, 6, 11),
(4, 5, 6, 5, 11),
(4, 5, 6, 4, 11),
(4, 5, 6, 3, 11),
(4, 5, 6, 2, 11),
(4, 5, 6, 1, 11),
(4, 5, 5, 7, 11),
(4, 5, 5, 6, 11),
(4, 5, 5, 5, 11),
(4, 5, 5, 4, 11),
(4, 5, 5, 3, 11),
(4, 5, 5, 2, 11),
(4, 5, 5, 1, 11),
(4, 5, 4, 7, 11),
(4, 5, 4, 6, 11),
(4, 5, 4, 5, 11),
(4, 5, 4, 4, 11),
(4, 5, 4, 3, 11),
(4, 5, 4, 2, 11),
(4, 5, 4, 1, 11),
(4, 5, 3, 7, 11),
(4, 5, 3, 6, 11),
(4, 5, 3, 5, 11),
(4, 5, 3, 4, 11),
(4, 5, 3, 3, 11),
(4, 5, 3, 2, 11),
(4, 5, 3, 1, 11),
(4, 5, 2, 7, 11),
(4, 5, 2, 6, 11),
(4, 5, 2, 5, 11),
(4, 5, 2, 4, 11),
(4, 5, 2, 3, 11),
(4, 5, 2, 2, 11),
(4, 5, 2, 1, 11),
(4, 5, 1, 7, 11),
(4, 5, 1, 6, 11),
(4, 5, 1, 5, 11),
(4, 5, 1, 4, 11),
(4, 5, 1, 3, 11),
(4, 5, 1, 2, 11),
(4, 5, 1, 1, 11),
(4, 4, 7, 7, 4),
(4, 4, 7, 6, 4),
(4, 4, 7, 5, 4),
(4, 4, 7, 4, 4),
(4, 4, 7, 3, 4),
(4, 4, 7, 2, 4),
(4, 4, 7, 1, 4),
(4, 4, 6, 7, 4),
(4, 4, 6, 6, 4),
(4, 4, 6, 5, 4),
(4, 4, 6, 4, 4),
(4, 4, 6, 3, 4),
(4, 4, 6, 2, 4),
(4, 4, 6, 1, 4),
(4, 4, 5, 7, 4),
(4, 4, 5, 6, 4),
(4, 4, 5, 5, 4),
(4, 4, 5, 4, 4),
(4, 4, 5, 3, 4),
(4, 4, 5, 2, 4),
(4, 4, 5, 1, 4),
(4, 4, 4, 7, 4),
(4, 4, 4, 6, 4),
(4, 4, 4, 5, 4),
(4, 4, 4, 4, 4),
(4, 4, 4, 3, 4),
(4, 4, 4, 2, 4),
(4, 4, 4, 1, 4),
(4, 4, 3, 7, 4),
(4, 4, 3, 6, 4),
(4, 4, 3, 5, 4),
(4, 4, 3, 4, 4),
(4, 4, 3, 3, 4),
(4, 4, 3, 2, 4),
(4, 4, 3, 1, 4),
(4, 4, 2, 7, 4),
(4, 4, 2, 6, 4),
(4, 4, 2, 5, 4),
(4, 4, 2, 4, 4),
(4, 4, 2, 3, 4),
(4, 4, 2, 2, 4),
(4, 4, 2, 1, 4),
(4, 4, 1, 7, 4),
(4, 4, 1, 6, 4),
(4, 4, 1, 5, 4),
(4, 4, 1, 4, 4),
(4, 4, 1, 3, 4),
(4, 4, 1, 2, 4),
(4, 4, 1, 1, 4),
(4, 3, 7, 7, 11),
(4, 3, 7, 6, 11),
(4, 3, 7, 5, 11),
(4, 3, 7, 4, 11),
(4, 3, 7, 3, 11),
(4, 3, 7, 2, 11),
(4, 3, 7, 1, 11),
(4, 3, 6, 7, 11),
(4, 3, 6, 6, 11),
(4, 3, 6, 5, 11),
(4, 3, 6, 4, 11),
(4, 3, 6, 3, 11),
(4, 3, 6, 2, 11),
(4, 3, 6, 1, 11),
(4, 3, 5, 7, 11),
(4, 3, 5, 6, 11),
(4, 3, 5, 5, 11),
(4, 3, 5, 4, 11),
(4, 3, 5, 3, 11),
(4, 3, 5, 2, 11),
(4, 3, 5, 1, 11),
(4, 3, 4, 7, 11),
(4, 3, 4, 6, 11),
(4, 3, 4, 5, 11),
(4, 3, 4, 4, 11),
(4, 3, 4, 3, 11),
(4, 3, 4, 2, 11),
(4, 3, 4, 1, 11),
(4, 3, 3, 7, 11),
(4, 3, 3, 6, 11),
(4, 3, 3, 5, 11),
(4, 3, 3, 4, 11),
(4, 3, 3, 3, 11),
(4, 3, 3, 2, 11),
(4, 3, 3, 1, 11),
(4, 3, 2, 7, 11),
(4, 3, 2, 6, 11),
(4, 3, 2, 5, 11),
(4, 3, 2, 4, 11),
(4, 3, 2, 3, 11),
(4, 3, 2, 2, 11),
(4, 3, 2, 1, 11),
(4, 3, 1, 7, 11),
(4, 3, 1, 6, 11),
(4, 3, 1, 5, 11),
(4, 3, 1, 4, 11),
(4, 3, 1, 3, 11),
(4, 3, 1, 2, 11),
(4, 3, 1, 1, 11),
(4, 2, 7, 7, 4),
(4, 2, 7, 6, 4),
(4, 2, 7, 5, 4),
(4, 2, 7, 4, 4),
(4, 2, 7, 3, 4),
(4, 2, 7, 2, 4),
(4, 2, 7, 1, 4),
(4, 2, 6, 7, 4),
(4, 2, 6, 6, 4),
(4, 2, 6, 5, 4),
(4, 2, 6, 4, 4),
(4, 2, 6, 3, 4),
(4, 2, 6, 2, 4),
(4, 2, 6, 1, 4),
(4, 2, 5, 7, 4),
(4, 2, 5, 6, 4),
(4, 2, 5, 5, 4),
(4, 2, 5, 4, 4),
(4, 2, 5, 3, 4),
(4, 2, 5, 2, 4),
(4, 2, 5, 1, 4),
(4, 2, 4, 7, 4),
(4, 2, 4, 6, 4),
(4, 2, 4, 5, 4),
(4, 2, 4, 4, 4),
(4, 2, 4, 3, 4),
(4, 2, 4, 2, 4),
(4, 2, 4, 1, 4),
(4, 2, 3, 7, 4),
(4, 2, 3, 6, 4),
(4, 2, 3, 5, 4),
(4, 2, 3, 4, 4),
(4, 2, 3, 3, 4),
(4, 2, 3, 2, 4),
(4, 2, 3, 1, 4),
(4, 2, 2, 7, 4),
(4, 2, 2, 6, 4),
(4, 2, 2, 5, 4),
(4, 2, 2, 4, 4),
(4, 2, 2, 3, 4),
(4, 2, 2, 2, 4),
(4, 2, 2, 1, 4),
(4, 2, 1, 7, 4),
(4, 2, 1, 6, 4),
(4, 2, 1, 5, 4),
(4, 2, 1, 4, 4),
(4, 2, 1, 3, 4),
(4, 2, 1, 2, 4),
(4, 2, 1, 1, 4),
(4, 1, 7, 7, 11),
(4, 1, 7, 6, 11),
(4, 1, 7, 5, 11),
(4, 1, 7, 4, 11),
(4, 1, 7, 3, 11),
(4, 1, 7, 2, 11),
(4, 1, 7, 1, 11),
(4, 1, 6, 7, 11),
(4, 1, 6, 6, 11),
(4, 1, 6, 5, 11),
(4, 1, 6, 4, 11),
(4, 1, 6, 3, 11),
(4, 1, 6, 2, 11),
(4, 1, 6, 1, 11),
(4, 1, 5, 7, 11),
(4, 1, 5, 6, 11),
(4, 1, 5, 5, 11),
(4, 1, 5, 4, 11),
(4, 1, 5, 3, 11),
(4, 1, 5, 2, 11),
(4, 1, 5, 1, 11),
(4, 1, 4, 7, 11),
(4, 1, 4, 6, 11),
(4, 1, 4, 5, 11),
(4, 1, 4, 4, 11),
(4, 1, 4, 3, 11),
(4, 1, 4, 2, 11),
(4, 1, 4, 1, 11),
(4, 1, 3, 7, 11),
(4, 1, 3, 6, 11),
(4, 1, 3, 5, 11),
(4, 1, 3, 4, 11),
(4, 1, 3, 3, 11),
(4, 1, 3, 2, 11),
(4, 1, 3, 1, 11),
(4, 1, 2, 7, 11),
(4, 1, 2, 6, 11),
(4, 1, 2, 5, 11),
(4, 1, 2, 4, 11),
(4, 1, 2, 3, 11),
(4, 1, 2, 2, 11),
(4, 1, 2, 1, 11),
(4, 1, 1, 7, 11),
(4, 1, 1, 6, 11),
(4, 1, 1, 5, 11),
(4, 1, 1, 4, 11),
(4, 1, 1, 3, 11),
(4, 1, 1, 2, 11),
(4, 1, 1, 1, 11),
(3, 7, 7, 7, 10),
(3, 7, 7, 6, 10),
(3, 7, 7, 5, 10),
(3, 7, 7, 4, 10),
(3, 7, 7, 3, 10),
(3, 7, 7, 2, 10),
(3, 7, 7, 1, 10),
(3, 7, 6, 7, 10),
(3, 7, 6, 6, 10),
(3, 7, 6, 5, 10),
(3, 7, 6, 4, 10),
(3, 7, 6, 3, 10),
(3, 7, 6, 2, 10),
(3, 7, 6, 1, 10),
(3, 7, 5, 7, 10),
(3, 7, 5, 6, 10),
(3, 7, 5, 5, 10),
(3, 7, 5, 4, 10),
(3, 7, 5, 3, 10),
(3, 7, 5, 2, 10),
(3, 7, 5, 1, 10),
(3, 7, 4, 7, 10),
(3, 7, 4, 6, 10),
(3, 7, 4, 5, 10),
(3, 7, 4, 4, 10),
(3, 7, 4, 3, 10),
(3, 7, 4, 2, 10),
(3, 7, 4, 1, 10),
(3, 7, 3, 7, 10),
(3, 7, 3, 6, 10),
(3, 7, 3, 5, 10),
(3, 7, 3, 4, 10),
(3, 7, 3, 3, 10),
(3, 7, 3, 2, 10),
(3, 7, 3, 1, 10),
(3, 7, 2, 7, 10),
(3, 7, 2, 6, 10),
(3, 7, 2, 5, 10),
(3, 7, 2, 4, 10),
(3, 7, 2, 3, 10),
(3, 7, 2, 2, 10),
(3, 7, 2, 1, 10),
(3, 7, 1, 7, 10),
(3, 7, 1, 6, 10),
(3, 7, 1, 5, 10),
(3, 7, 1, 4, 10),
(3, 7, 1, 3, 10),
(3, 7, 1, 2, 10),
(3, 7, 1, 1, 10),
(3, 6, 7, 7, 3),
(3, 6, 7, 6, 3),
(3, 6, 7, 5, 3),
(3, 6, 7, 4, 3),
(3, 6, 7, 3, 3),
(3, 6, 7, 2, 3),
(3, 6, 7, 1, 3),
(3, 6, 6, 7, 3),
(3, 6, 6, 6, 3),
(3, 6, 6, 5, 3),
(3, 6, 6, 4, 3),
(3, 6, 6, 3, 3),
(3, 6, 6, 2, 3),
(3, 6, 6, 1, 3),
(3, 6, 5, 7, 3),
(3, 6, 5, 6, 3),
(3, 6, 5, 5, 3),
(3, 6, 5, 4, 3),
(3, 6, 5, 3, 3),
(3, 6, 5, 2, 3),
(3, 6, 5, 1, 3),
(3, 6, 4, 7, 3),
(3, 6, 4, 6, 3),
(3, 6, 4, 5, 3),
(3, 6, 4, 4, 3),
(3, 6, 4, 3, 3),
(3, 6, 4, 2, 3),
(3, 6, 4, 1, 3),
(3, 6, 3, 7, 3),
(3, 6, 3, 6, 3),
(3, 6, 3, 5, 3),
(3, 6, 3, 4, 3),
(3, 6, 3, 3, 3),
(3, 6, 3, 2, 3),
(3, 6, 3, 1, 3),
(3, 6, 2, 7, 3),
(3, 6, 2, 6, 3),
(3, 6, 2, 5, 3),
(3, 6, 2, 4, 3),
(3, 6, 2, 3, 3),
(3, 6, 2, 2, 3),
(3, 6, 2, 1, 3),
(3, 6, 1, 7, 3),
(3, 6, 1, 6, 3),
(3, 6, 1, 5, 3),
(3, 6, 1, 4, 3),
(3, 6, 1, 3, 3),
(3, 6, 1, 2, 3),
(3, 6, 1, 1, 3),
(3, 5, 7, 7, 10),
(3, 5, 7, 6, 10),
(3, 5, 7, 5, 10),
(3, 5, 7, 4, 10),
(3, 5, 7, 3, 10),
(3, 5, 7, 2, 10),
(3, 5, 7, 1, 10),
(3, 5, 6, 7, 10),
(3, 5, 6, 6, 10),
(3, 5, 6, 5, 10),
(3, 5, 6, 4, 10),
(3, 5, 6, 3, 10),
(3, 5, 6, 2, 10),
(3, 5, 6, 1, 10),
(3, 5, 5, 7, 10),
(3, 5, 5, 6, 10),
(3, 5, 5, 5, 10),
(3, 5, 5, 4, 10),
(3, 5, 5, 3, 10),
(3, 5, 5, 2, 10),
(3, 5, 5, 1, 10),
(3, 5, 4, 7, 10),
(3, 5, 4, 6, 10),
(3, 5, 4, 5, 10),
(3, 5, 4, 4, 10),
(3, 5, 4, 3, 10),
(3, 5, 4, 2, 10),
(3, 5, 4, 1, 10),
(3, 5, 3, 7, 10),
(3, 5, 3, 6, 10),
(3, 5, 3, 5, 10),
(3, 5, 3, 4, 10),
(3, 5, 3, 3, 10),
(3, 5, 3, 2, 10),
(3, 5, 3, 1, 10),
(3, 5, 2, 7, 10),
(3, 5, 2, 6, 10),
(3, 5, 2, 5, 10),
(3, 5, 2, 4, 10),
(3, 5, 2, 3, 10),
(3, 5, 2, 2, 10),
(3, 5, 2, 1, 10),
(3, 5, 1, 7, 10),
(3, 5, 1, 6, 10),
(3, 5, 1, 5, 10),
(3, 5, 1, 4, 10),
(3, 5, 1, 3, 10),
(3, 5, 1, 2, 10),
(3, 5, 1, 1, 10),
(3, 4, 7, 7, 3),
(3, 4, 7, 6, 3),
(3, 4, 7, 5, 3),
(3, 4, 7, 4, 3),
(3, 4, 7, 3, 3),
(3, 4, 7, 2, 3),
(3, 4, 7, 1, 3),
(3, 4, 6, 7, 3),
(3, 4, 6, 6, 3),
(3, 4, 6, 5, 3),
(3, 4, 6, 4, 3),
(3, 4, 6, 3, 3),
(3, 4, 6, 2, 3),
(3, 4, 6, 1, 3),
(3, 4, 5, 7, 3),
(3, 4, 5, 6, 3),
(3, 4, 5, 5, 3),
(3, 4, 5, 4, 3),
(3, 4, 5, 3, 3),
(3, 4, 5, 2, 3),
(3, 4, 5, 1, 3),
(3, 4, 4, 7, 3),
(3, 4, 4, 6, 3),
(3, 4, 4, 5, 3),
(3, 4, 4, 4, 3),
(3, 4, 4, 3, 3),
(3, 4, 4, 2, 3),
(3, 4, 4, 1, 3),
(3, 4, 3, 7, 3),
(3, 4, 3, 6, 3),
(3, 4, 3, 5, 3),
(3, 4, 3, 4, 3),
(3, 4, 3, 3, 3),
(3, 4, 3, 2, 3),
(3, 4, 3, 1, 3),
(3, 4, 2, 7, 3),
(3, 4, 2, 6, 3),
(3, 4, 2, 5, 3),
(3, 4, 2, 4, 3),
(3, 4, 2, 3, 3),
(3, 4, 2, 2, 3),
(3, 4, 2, 1, 3),
(3, 4, 1, 7, 3),
(3, 4, 1, 6, 3),
(3, 4, 1, 5, 3),
(3, 4, 1, 4, 3),
(3, 4, 1, 3, 3),
(3, 4, 1, 2, 3),
(3, 4, 1, 1, 3),
(3, 3, 7, 7, 10),
(3, 3, 7, 6, 10),
(3, 3, 7, 5, 10),
(3, 3, 7, 4, 10),
(3, 3, 7, 3, 10),
(3, 3, 7, 2, 10),
(3, 3, 7, 1, 10),
(3, 3, 6, 7, 10),
(3, 3, 6, 6, 10),
(3, 3, 6, 5, 10),
(3, 3, 6, 4, 10),
(3, 3, 6, 3, 10),
(3, 3, 6, 2, 10),
(3, 3, 6, 1, 10),
(3, 3, 5, 7, 10),
(3, 3, 5, 6, 10),
(3, 3, 5, 5, 10),
(3, 3, 5, 4, 10),
(3, 3, 5, 3, 10),
(3, 3, 5, 2, 10),
(3, 3, 5, 1, 10),
(3, 3, 4, 7, 10),
(3, 3, 4, 6, 10),
(3, 3, 4, 5, 10),
(3, 3, 4, 4, 10),
(3, 3, 4, 3, 10),
(3, 3, 4, 2, 10),
(3, 3, 4, 1, 10),
(3, 3, 3, 7, 10),
(3, 3, 3, 6, 10),
(3, 3, 3, 5, 10),
(3, 3, 3, 4, 10),
(3, 3, 3, 3, 10),
(3, 3, 3, 2, 10),
(3, 3, 3, 1, 10),
(3, 3, 2, 7, 10),
(3, 3, 2, 6, 10),
(3, 3, 2, 5, 10),
(3, 3, 2, 4, 10),
(3, 3, 2, 3, 10),
(3, 3, 2, 2, 10),
(3, 3, 2, 1, 10),
(3, 3, 1, 7, 10),
(3, 3, 1, 6, 10),
(3, 3, 1, 5, 10),
(3, 3, 1, 4, 10),
(3, 3, 1, 3, 10),
(3, 3, 1, 2, 10),
(3, 3, 1, 1, 10),
(3, 2, 7, 7, 3),
(3, 2, 7, 6, 3),
(3, 2, 7, 5, 3),
(3, 2, 7, 4, 3),
(3, 2, 7, 3, 3),
(3, 2, 7, 2, 3),
(3, 2, 7, 1, 3),
(3, 2, 6, 7, 3),
(3, 2, 6, 6, 3),
(3, 2, 6, 5, 3),
(3, 2, 6, 4, 3),
(3, 2, 6, 3, 3),
(3, 2, 6, 2, 3),
(3, 2, 6, 1, 3),
(3, 2, 5, 7, 3),
(3, 2, 5, 6, 3),
(3, 2, 5, 5, 3),
(3, 2, 5, 4, 3),
(3, 2, 5, 3, 3),
(3, 2, 5, 2, 3),
(3, 2, 5, 1, 3),
(3, 2, 4, 7, 3),
(3, 2, 4, 6, 3),
(3, 2, 4, 5, 3),
(3, 2, 4, 4, 3),
(3, 2, 4, 3, 3),
(3, 2, 4, 2, 3),
(3, 2, 4, 1, 3),
(3, 2, 3, 7, 3),
(3, 2, 3, 6, 3),
(3, 2, 3, 5, 3),
(3, 2, 3, 4, 3),
(3, 2, 3, 3, 3),
(3, 2, 3, 2, 3),
(3, 2, 3, 1, 3),
(3, 2, 2, 7, 3),
(3, 2, 2, 6, 3),
(3, 2, 2, 5, 3),
(3, 2, 2, 4, 3),
(3, 2, 2, 3, 3),
(3, 2, 2, 2, 3),
(3, 2, 2, 1, 3),
(3, 2, 1, 7, 3),
(3, 2, 1, 6, 3),
(3, 2, 1, 5, 3),
(3, 2, 1, 4, 3),
(3, 2, 1, 3, 3),
(3, 2, 1, 2, 3),
(3, 2, 1, 1, 3),
(3, 1, 7, 7, 10),
(3, 1, 7, 6, 10),
(3, 1, 7, 5, 10),
(3, 1, 7, 4, 10),
(3, 1, 7, 3, 10),
(3, 1, 7, 2, 10),
(3, 1, 7, 1, 10),
(3, 1, 6, 7, 10),
(3, 1, 6, 6, 10),
(3, 1, 6, 5, 10),
(3, 1, 6, 4, 10),
(3, 1, 6, 3, 10),
(3, 1, 6, 2, 10),
(3, 1, 6, 1, 10),
(3, 1, 5, 7, 10),
(3, 1, 5, 6, 10),
(3, 1, 5, 5, 10),
(3, 1, 5, 4, 10),
(3, 1, 5, 3, 10),
(3, 1, 5, 2, 10),
(3, 1, 5, 1, 10),
(3, 1, 4, 7, 10),
(3, 1, 4, 6, 10),
(3, 1, 4, 5, 10),
(3, 1, 4, 4, 10),
(3, 1, 4, 3, 10),
(3, 1, 4, 2, 10),
(3, 1, 4, 1, 10),
(3, 1, 3, 7, 10),
(3, 1, 3, 6, 10),
(3, 1, 3, 5, 10),
(3, 1, 3, 4, 10),
(3, 1, 3, 3, 10),
(3, 1, 3, 2, 10),
(3, 1, 3, 1, 10),
(3, 1, 2, 7, 10),
(3, 1, 2, 6, 10),
(3, 1, 2, 5, 10),
(3, 1, 2, 4, 10),
(3, 1, 2, 3, 10),
(3, 1, 2, 2, 10),
(3, 1, 2, 1, 10),
(3, 1, 1, 7, 10),
(3, 1, 1, 6, 10),
(3, 1, 1, 5, 10),
(3, 1, 1, 4, 10),
(3, 1, 1, 3, 10),
(3, 1, 1, 2, 10),
(3, 1, 1, 1, 10),
(2, 7, 7, 7, 9),
(2, 7, 7, 6, 9),
(2, 7, 7, 5, 9),
(2, 7, 7, 4, 9),
(2, 7, 7, 3, 9),
(2, 7, 7, 2, 9),
(2, 7, 7, 1, 9),
(2, 7, 6, 7, 9),
(2, 7, 6, 6, 9),
(2, 7, 6, 5, 9),
(2, 7, 6, 4, 9),
(2, 7, 6, 3, 9),
(2, 7, 6, 2, 9),
(2, 7, 6, 1, 9),
(2, 7, 5, 7, 9),
(2, 7, 5, 6, 9),
(2, 7, 5, 5, 9),
(2, 7, 5, 4, 9),
(2, 7, 5, 3, 9),
(2, 7, 5, 2, 9),
(2, 7, 5, 1, 9),
(2, 7, 4, 7, 9),
(2, 7, 4, 6, 9),
(2, 7, 4, 5, 9),
(2, 7, 4, 4, 9),
(2, 7, 4, 3, 9),
(2, 7, 4, 2, 9),
(2, 7, 4, 1, 9),
(2, 7, 3, 7, 9),
(2, 7, 3, 6, 9),
(2, 7, 3, 5, 9),
(2, 7, 3, 4, 9),
(2, 7, 3, 3, 9),
(2, 7, 3, 2, 9),
(2, 7, 3, 1, 9),
(2, 7, 2, 7, 9),
(2, 7, 2, 6, 9),
(2, 7, 2, 5, 9),
(2, 7, 2, 4, 9),
(2, 7, 2, 3, 9),
(2, 7, 2, 2, 9),
(2, 7, 2, 1, 9),
(2, 7, 1, 7, 9),
(2, 7, 1, 6, 9),
(2, 7, 1, 5, 9),
(2, 7, 1, 4, 9),
(2, 7, 1, 3, 9),
(2, 7, 1, 2, 9),
(2, 7, 1, 1, 9),
(2, 6, 7, 7, 2),
(2, 6, 7, 6, 2),
(2, 6, 7, 5, 2),
(2, 6, 7, 4, 2),
(2, 6, 7, 3, 2),
(2, 6, 7, 2, 2),
(2, 6, 7, 1, 2),
(2, 6, 6, 7, 2),
(2, 6, 6, 6, 2),
(2, 6, 6, 5, 2),
(2, 6, 6, 4, 2),
(2, 6, 6, 3, 2),
(2, 6, 6, 2, 2),
(2, 6, 6, 1, 2),
(2, 6, 5, 7, 2),
(2, 6, 5, 6, 2),
(2, 6, 5, 5, 2),
(2, 6, 5, 4, 2),
(2, 6, 5, 3, 2),
(2, 6, 5, 2, 2),
(2, 6, 5, 1, 2),
(2, 6, 4, 7, 2),
(2, 6, 4, 6, 2),
(2, 6, 4, 5, 2),
(2, 6, 4, 4, 2),
(2, 6, 4, 3, 2),
(2, 6, 4, 2, 2),
(2, 6, 4, 1, 2),
(2, 6, 3, 7, 2),
(2, 6, 3, 6, 2),
(2, 6, 3, 5, 2),
(2, 6, 3, 4, 2),
(2, 6, 3, 3, 2),
(2, 6, 3, 2, 2),
(2, 6, 3, 1, 2),
(2, 6, 2, 7, 2),
(2, 6, 2, 6, 2),
(2, 6, 2, 5, 2),
(2, 6, 2, 4, 2),
(2, 6, 2, 3, 2),
(2, 6, 2, 2, 2),
(2, 6, 2, 1, 2),
(2, 6, 1, 7, 2),
(2, 6, 1, 6, 2),
(2, 6, 1, 5, 2),
(2, 6, 1, 4, 2),
(2, 6, 1, 3, 2),
(2, 6, 1, 2, 2),
(2, 6, 1, 1, 2),
(2, 5, 7, 7, 9),
(2, 5, 7, 6, 9),
(2, 5, 7, 5, 9),
(2, 5, 7, 4, 9),
(2, 5, 7, 3, 9),
(2, 5, 7, 2, 9),
(2, 5, 7, 1, 9),
(2, 5, 6, 7, 9),
(2, 5, 6, 6, 9),
(2, 5, 6, 5, 9),
(2, 5, 6, 4, 9),
(2, 5, 6, 3, 9),
(2, 5, 6, 2, 9),
(2, 5, 6, 1, 9),
(2, 5, 5, 7, 9),
(2, 5, 5, 6, 9),
(2, 5, 5, 5, 9),
(2, 5, 5, 4, 9),
(2, 5, 5, 3, 9),
(2, 5, 5, 2, 9),
(2, 5, 5, 1, 9),
(2, 5, 4, 7, 9),
(2, 5, 4, 6, 9),
(2, 5, 4, 5, 9),
(2, 5, 4, 4, 9),
(2, 5, 4, 3, 9),
(2, 5, 4, 2, 9),
(2, 5, 4, 1, 9),
(2, 5, 3, 7, 9),
(2, 5, 3, 6, 9),
(2, 5, 3, 5, 9),
(2, 5, 3, 4, 9),
(2, 5, 3, 3, 9),
(2, 5, 3, 2, 9),
(2, 5, 3, 1, 9),
(2, 5, 2, 7, 9),
(2, 5, 2, 6, 9),
(2, 5, 2, 5, 9),
(2, 5, 2, 4, 9),
(2, 5, 2, 3, 9),
(2, 5, 2, 2, 9),
(2, 5, 2, 1, 9),
(2, 5, 1, 7, 9),
(2, 5, 1, 6, 9),
(2, 5, 1, 5, 9),
(2, 5, 1, 4, 9),
(2, 5, 1, 3, 9),
(2, 5, 1, 2, 9),
(2, 5, 1, 1, 9),
(2, 4, 7, 7, 2),
(2, 4, 7, 6, 2),
(2, 4, 7, 5, 2),
(2, 4, 7, 4, 2),
(2, 4, 7, 3, 2),
(2, 4, 7, 2, 2),
(2, 4, 7, 1, 2),
(2, 4, 6, 7, 2),
(2, 4, 6, 6, 2),
(2, 4, 6, 5, 2),
(2, 4, 6, 4, 2),
(2, 4, 6, 3, 2),
(2, 4, 6, 2, 2),
(2, 4, 6, 1, 2),
(2, 4, 5, 7, 2),
(2, 4, 5, 6, 2),
(2, 4, 5, 5, 2),
(2, 4, 5, 4, 2),
(2, 4, 5, 3, 2),
(2, 4, 5, 2, 2),
(2, 4, 5, 1, 2),
(2, 4, 4, 7, 2),
(2, 4, 4, 6, 2),
(2, 4, 4, 5, 2),
(2, 4, 4, 4, 2),
(2, 4, 4, 3, 2),
(2, 4, 4, 2, 2),
(2, 4, 4, 1, 2),
(2, 4, 3, 7, 2),
(2, 4, 3, 6, 2),
(2, 4, 3, 5, 2),
(2, 4, 3, 4, 2),
(2, 4, 3, 3, 2),
(2, 4, 3, 2, 2),
(2, 4, 3, 1, 2),
(2, 4, 2, 7, 2),
(2, 4, 2, 6, 2),
(2, 4, 2, 5, 2),
(2, 4, 2, 4, 2),
(2, 4, 2, 3, 2),
(2, 4, 2, 2, 2),
(2, 4, 2, 1, 2),
(2, 4, 1, 7, 2),
(2, 4, 1, 6, 2),
(2, 4, 1, 5, 2),
(2, 4, 1, 4, 2),
(2, 4, 1, 3, 2),
(2, 4, 1, 2, 2),
(2, 4, 1, 1, 2),
(2, 3, 7, 7, 9),
(2, 3, 7, 6, 9),
(2, 3, 7, 5, 9),
(2, 3, 7, 4, 9),
(2, 3, 7, 3, 9),
(2, 3, 7, 2, 9),
(2, 3, 7, 1, 9),
(2, 3, 6, 7, 9),
(2, 3, 6, 6, 9),
(2, 3, 6, 5, 9),
(2, 3, 6, 4, 9),
(2, 3, 6, 3, 9),
(2, 3, 6, 2, 9),
(2, 3, 6, 1, 9),
(2, 3, 5, 7, 9),
(2, 3, 5, 6, 9),
(2, 3, 5, 5, 9),
(2, 3, 5, 4, 9),
(2, 3, 5, 3, 9),
(2, 3, 5, 2, 9),
(2, 3, 5, 1, 9),
(2, 3, 4, 7, 9),
(2, 3, 4, 6, 9),
(2, 3, 4, 5, 9),
(2, 3, 4, 4, 9),
(2, 3, 4, 3, 9),
(2, 3, 4, 2, 9),
(2, 3, 4, 1, 9),
(2, 3, 3, 7, 9),
(2, 3, 3, 6, 9),
(2, 3, 3, 5, 9),
(2, 3, 3, 4, 9),
(2, 3, 3, 3, 9),
(2, 3, 3, 2, 9),
(2, 3, 3, 1, 9),
(2, 3, 2, 7, 9),
(2, 3, 2, 6, 9),
(2, 3, 2, 5, 9),
(2, 3, 2, 4, 9),
(2, 3, 2, 3, 9),
(2, 3, 2, 2, 9),
(2, 3, 2, 1, 9),
(2, 3, 1, 7, 9),
(2, 3, 1, 6, 9),
(2, 3, 1, 5, 9),
(2, 3, 1, 4, 9),
(2, 3, 1, 3, 9),
(2, 3, 1, 2, 9),
(2, 3, 1, 1, 9),
(2, 2, 7, 7, 2),
(2, 2, 7, 6, 2),
(2, 2, 7, 5, 2),
(2, 2, 7, 4, 2),
(2, 2, 7, 3, 2),
(2, 2, 7, 2, 2),
(2, 2, 7, 1, 2),
(2, 2, 6, 7, 2),
(2, 2, 6, 6, 2),
(2, 2, 6, 5, 2),
(2, 2, 6, 4, 2),
(2, 2, 6, 3, 2),
(2, 2, 6, 2, 2),
(2, 2, 6, 1, 2),
(2, 2, 5, 7, 2),
(2, 2, 5, 6, 2),
(2, 2, 5, 5, 2),
(2, 2, 5, 4, 2),
(2, 2, 5, 3, 2),
(2, 2, 5, 2, 2),
(2, 2, 5, 1, 2),
(2, 2, 4, 7, 2),
(2, 2, 4, 6, 2),
(2, 2, 4, 5, 2),
(2, 2, 4, 4, 2),
(2, 2, 4, 3, 2),
(2, 2, 4, 2, 2),
(2, 2, 4, 1, 2),
(2, 2, 3, 7, 2),
(2, 2, 3, 6, 2),
(2, 2, 3, 5, 2),
(2, 2, 3, 4, 2),
(2, 2, 3, 3, 2),
(2, 2, 3, 2, 2),
(2, 2, 3, 1, 2),
(2, 2, 2, 7, 2),
(2, 2, 2, 6, 2),
(2, 2, 2, 5, 2),
(2, 2, 2, 4, 2),
(2, 2, 2, 3, 2),
(2, 2, 2, 2, 2),
(2, 2, 2, 1, 2),
(2, 2, 1, 7, 2),
(2, 2, 1, 6, 2),
(2, 2, 1, 5, 2),
(2, 2, 1, 4, 2),
(2, 2, 1, 3, 2),
(2, 2, 1, 2, 2),
(2, 2, 1, 1, 2),
(2, 1, 7, 7, 9),
(2, 1, 7, 6, 9),
(2, 1, 7, 5, 9),
(2, 1, 7, 4, 9),
(2, 1, 7, 3, 9),
(2, 1, 7, 2, 9),
(2, 1, 7, 1, 9),
(2, 1, 6, 7, 9),
(2, 1, 6, 6, 9),
(2, 1, 6, 5, 9),
(2, 1, 6, 4, 9),
(2, 1, 6, 3, 9),
(2, 1, 6, 2, 9),
(2, 1, 6, 1, 9),
(2, 1, 5, 7, 9),
(2, 1, 5, 6, 9),
(2, 1, 5, 5, 9),
(2, 1, 5, 4, 9),
(2, 1, 5, 3, 9),
(2, 1, 5, 2, 9),
(2, 1, 5, 1, 9),
(2, 1, 4, 7, 9),
(2, 1, 4, 6, 9),
(2, 1, 4, 5, 9),
(2, 1, 4, 4, 9),
(2, 1, 4, 3, 9),
(2, 1, 4, 2, 9),
(2, 1, 4, 1, 9),
(2, 1, 3, 7, 9),
(2, 1, 3, 6, 9),
(2, 1, 3, 5, 9),
(2, 1, 3, 4, 9),
(2, 1, 3, 3, 9),
(2, 1, 3, 2, 9),
(2, 1, 3, 1, 9),
(2, 1, 2, 7, 9),
(2, 1, 2, 6, 9),
(2, 1, 2, 5, 9),
(2, 1, 2, 4, 9),
(2, 1, 2, 3, 9),
(2, 1, 2, 2, 9),
(2, 1, 2, 1, 9),
(2, 1, 1, 7, 9),
(2, 1, 1, 6, 9),
(2, 1, 1, 5, 9),
(2, 1, 1, 4, 9),
(2, 1, 1, 3, 9),
(2, 1, 1, 2, 9),
(2, 1, 1, 1, 9),
(1, 7, 7, 7, 8),
(1, 7, 7, 6, 8),
(1, 7, 7, 5, 8),
(1, 7, 7, 4, 8),
(1, 7, 7, 3, 8),
(1, 7, 7, 2, 8),
(1, 7, 7, 1, 8),
(1, 7, 6, 7, 8),
(1, 7, 6, 6, 8),
(1, 7, 6, 5, 8),
(1, 7, 6, 4, 8),
(1, 7, 6, 3, 8),
(1, 7, 6, 2, 8),
(1, 7, 6, 1, 8),
(1, 7, 5, 7, 8),
(1, 7, 5, 6, 8),
(1, 7, 5, 5, 8),
(1, 7, 5, 4, 8),
(1, 7, 5, 3, 8),
(1, 7, 5, 2, 8),
(1, 7, 5, 1, 8),
(1, 7, 4, 7, 8),
(1, 7, 4, 6, 8),
(1, 7, 4, 5, 8),
(1, 7, 4, 4, 8),
(1, 7, 4, 3, 8),
(1, 7, 4, 2, 8),
(1, 7, 4, 1, 8),
(1, 7, 3, 7, 8),
(1, 7, 3, 6, 8),
(1, 7, 3, 5, 8),
(1, 7, 3, 4, 8),
(1, 7, 3, 3, 8),
(1, 7, 3, 2, 8),
(1, 7, 3, 1, 8),
(1, 7, 2, 7, 8),
(1, 7, 2, 6, 8),
(1, 7, 2, 5, 8),
(1, 7, 2, 4, 8),
(1, 7, 2, 3, 8),
(1, 7, 2, 2, 8),
(1, 7, 2, 1, 8),
(1, 7, 1, 7, 8),
(1, 7, 1, 6, 8),
(1, 7, 1, 5, 8),
(1, 7, 1, 4, 8),
(1, 7, 1, 3, 8),
(1, 7, 1, 2, 8),
(1, 7, 1, 1, 8),
(1, 6, 7, 7, 1),
(1, 6, 7, 6, 1),
(1, 6, 7, 5, 1),
(1, 6, 7, 4, 1),
(1, 6, 7, 3, 1),
(1, 6, 7, 2, 1),
(1, 6, 7, 1, 1),
(1, 6, 6, 7, 1),
(1, 6, 6, 6, 1),
(1, 6, 6, 5, 1),
(1, 6, 6, 4, 1),
(1, 6, 6, 3, 1),
(1, 6, 6, 2, 1),
(1, 6, 6, 1, 1),
(1, 6, 5, 7, 1),
(1, 6, 5, 6, 1),
(1, 6, 5, 5, 1),
(1, 6, 5, 4, 1),
(1, 6, 5, 3, 1),
(1, 6, 5, 2, 1),
(1, 6, 5, 1, 1),
(1, 6, 4, 7, 1),
(1, 6, 4, 6, 1),
(1, 6, 4, 5, 1),
(1, 6, 4, 4, 1),
(1, 6, 4, 3, 1),
(1, 6, 4, 2, 1),
(1, 6, 4, 1, 1),
(1, 6, 3, 7, 1),
(1, 6, 3, 6, 1),
(1, 6, 3, 5, 1),
(1, 6, 3, 4, 1),
(1, 6, 3, 3, 1),
(1, 6, 3, 2, 1),
(1, 6, 3, 1, 1),
(1, 6, 2, 7, 1),
(1, 6, 2, 6, 1),
(1, 6, 2, 5, 1),
(1, 6, 2, 4, 1),
(1, 6, 2, 3, 1),
(1, 6, 2, 2, 1),
(1, 6, 2, 1, 1),
(1, 6, 1, 7, 1),
(1, 6, 1, 6, 1),
(1, 6, 1, 5, 1),
(1, 6, 1, 4, 1),
(1, 6, 1, 3, 1),
(1, 6, 1, 2, 1),
(1, 6, 1, 1, 1),
(1, 5, 7, 7, 8),
(1, 5, 7, 6, 8),
(1, 5, 7, 5, 8),
(1, 5, 7, 4, 8),
(1, 5, 7, 3, 8),
(1, 5, 7, 2, 8),
(1, 5, 7, 1, 8),
(1, 5, 6, 7, 8),
(1, 5, 6, 6, 8),
(1, 5, 6, 5, 8),
(1, 5, 6, 4, 8),
(1, 5, 6, 3, 8),
(1, 5, 6, 2, 8),
(1, 5, 6, 1, 8),
(1, 5, 5, 7, 8),
(1, 5, 5, 6, 8),
(1, 5, 5, 5, 8),
(1, 5, 5, 4, 8),
(1, 5, 5, 3, 8),
(1, 5, 5, 2, 8),
(1, 5, 5, 1, 8),
(1, 5, 4, 7, 8),
(1, 5, 4, 6, 8),
(1, 5, 4, 5, 8),
(1, 5, 4, 4, 8),
(1, 5, 4, 3, 8),
(1, 5, 4, 2, 8),
(1, 5, 4, 1, 8),
(1, 5, 3, 7, 8),
(1, 5, 3, 6, 8),
(1, 5, 3, 5, 8),
(1, 5, 3, 4, 8),
(1, 5, 3, 3, 8),
(1, 5, 3, 2, 8),
(1, 5, 3, 1, 8),
(1, 5, 2, 7, 8),
(1, 5, 2, 6, 8),
(1, 5, 2, 5, 8),
(1, 5, 2, 4, 8),
(1, 5, 2, 3, 8),
(1, 5, 2, 2, 8),
(1, 5, 2, 1, 8),
(1, 5, 1, 7, 8),
(1, 5, 1, 6, 8),
(1, 5, 1, 5, 8),
(1, 5, 1, 4, 8),
(1, 5, 1, 3, 8),
(1, 5, 1, 2, 8),
(1, 5, 1, 1, 8),
(1, 4, 7, 7, 1),
(1, 4, 7, 6, 1),
(1, 4, 7, 5, 1),
(1, 4, 7, 4, 1),
(1, 4, 7, 3, 1),
(1, 4, 7, 2, 1),
(1, 4, 7, 1, 1),
(1, 4, 6, 7, 1),
(1, 4, 6, 6, 1),
(1, 4, 6, 5, 1),
(1, 4, 6, 4, 1),
(1, 4, 6, 3, 1),
(1, 4, 6, 2, 1),
(1, 4, 6, 1, 1),
(1, 4, 5, 7, 1),
(1, 4, 5, 6, 1),
(1, 4, 5, 5, 1),
(1, 4, 5, 4, 1),
(1, 4, 5, 3, 1),
(1, 4, 5, 2, 1),
(1, 4, 5, 1, 1),
(1, 4, 4, 7, 1),
(1, 4, 4, 6, 1),
(1, 4, 4, 5, 1),
(1, 4, 4, 4, 1),
(1, 4, 4, 3, 1),
(1, 4, 4, 2, 1),
(1, 4, 4, 1, 1),
(1, 4, 3, 7, 1),
(1, 4, 3, 6, 1),
(1, 4, 3, 5, 1),
(1, 4, 3, 4, 1),
(1, 4, 3, 3, 1),
(1, 4, 3, 2, 1),
(1, 4, 3, 1, 1),
(1, 4, 2, 7, 1),
(1, 4, 2, 6, 1),
(1, 4, 2, 5, 1),
(1, 4, 2, 4, 1),
(1, 4, 2, 3, 1),
(1, 4, 2, 2, 1),
(1, 4, 2, 1, 1),
(1, 4, 1, 7, 1),
(1, 4, 1, 6, 1),
(1, 4, 1, 5, 1),
(1, 4, 1, 4, 1),
(1, 4, 1, 3, 1),
(1, 4, 1, 2, 1),
(1, 4, 1, 1, 1),
(1, 3, 7, 7, 8),
(1, 3, 7, 6, 8),
(1, 3, 7, 5, 8),
(1, 3, 7, 4, 8),
(1, 3, 7, 3, 8),
(1, 3, 7, 2, 8),
(1, 3, 7, 1, 8),
(1, 3, 6, 7, 8),
(1, 3, 6, 6, 8),
(1, 3, 6, 5, 8),
(1, 3, 6, 4, 8),
(1, 3, 6, 3, 8),
(1, 3, 6, 2, 8),
(1, 3, 6, 1, 8),
(1, 3, 5, 7, 8),
(1, 3, 5, 6, 8),
(1, 3, 5, 5, 8),
(1, 3, 5, 4, 8),
(1, 3, 5, 3, 8),
(1, 3, 5, 2, 8),
(1, 3, 5, 1, 8),
(1, 3, 4, 7, 8),
(1, 3, 4, 6, 8),
(1, 3, 4, 5, 8),
(1, 3, 4, 4, 8),
(1, 3, 4, 3, 8),
(1, 3, 4, 2, 8),
(1, 3, 4, 1, 8),
(1, 3, 3, 7, 8),
(1, 3, 3, 6, 8),
(1, 3, 3, 5, 8),
(1, 3, 3, 4, 8),
(1, 3, 3, 3, 8),
(1, 3, 3, 2, 8),
(1, 3, 3, 1, 8),
(1, 3, 2, 7, 8),
(1, 3, 2, 6, 8),
(1, 3, 2, 5, 8),
(1, 3, 2, 4, 8),
(1, 3, 2, 3, 8),
(1, 3, 2, 2, 8),
(1, 3, 2, 1, 8),
(1, 3, 1, 7, 8),
(1, 3, 1, 6, 8),
(1, 3, 1, 5, 8),
(1, 3, 1, 4, 8),
(1, 3, 1, 3, 8),
(1, 3, 1, 2, 8),
(1, 3, 1, 1, 8),
(1, 2, 7, 7, 1),
(1, 2, 7, 6, 1),
(1, 2, 7, 5, 1),
(1, 2, 7, 4, 1),
(1, 2, 7, 3, 1),
(1, 2, 7, 2, 1),
(1, 2, 7, 1, 1),
(1, 2, 6, 7, 1),
(1, 2, 6, 6, 1),
(1, 2, 6, 5, 1),
(1, 2, 6, 4, 1),
(1, 2, 6, 3, 1),
(1, 2, 6, 2, 1),
(1, 2, 6, 1, 1),
(1, 2, 5, 7, 1),
(1, 2, 5, 6, 1),
(1, 2, 5, 5, 1),
(1, 2, 5, 4, 1),
(1, 2, 5, 3, 1),
(1, 2, 5, 2, 1),
(1, 2, 5, 1, 1),
(1, 2, 4, 7, 1),
(1, 2, 4, 6, 1),
(1, 2, 4, 5, 1),
(1, 2, 4, 4, 1),
(1, 2, 4, 3, 1),
(1, 2, 4, 2, 1),
(1, 2, 4, 1, 1),
(1, 2, 3, 7, 1),
(1, 2, 3, 6, 1),
(1, 2, 3, 5, 1),
(1, 2, 3, 4, 1),
(1, 2, 3, 3, 1),
(1, 2, 3, 2, 1),
(1, 2, 3, 1, 1),
(1, 2, 2, 7, 1),
(1, 2, 2, 6, 1),
(1, 2, 2, 5, 1),
(1, 2, 2, 4, 1),
(1, 2, 2, 3, 1),
(1, 2, 2, 2, 1),
(1, 2, 2, 1, 1),
(1, 2, 1, 7, 1),
(1, 2, 1, 6, 1),
(1, 2, 1, 5, 1),
(1, 2, 1, 4, 1),
(1, 2, 1, 3, 1),
(1, 2, 1, 2, 1),
(1, 2, 1, 1, 1),
(1, 1, 7, 7, 8),
(1, 1, 7, 6, 8),
(1, 1, 7, 5, 8),
(1, 1, 7, 4, 8),
(1, 1, 7, 3, 8),
(1, 1, 7, 2, 8),
(1, 1, 7, 1, 8),
(1, 1, 6, 7, 8),
(1, 1, 6, 6, 8),
(1, 1, 6, 5, 8),
(1, 1, 6, 4, 8),
(1, 1, 6, 3, 8),
(1, 1, 6, 2, 8),
(1, 1, 6, 1, 8),
(1, 1, 5, 7, 8),
(1, 1, 5, 6, 8),
(1, 1, 5, 5, 8),
(1, 1, 5, 4, 8),
(1, 1, 5, 3, 8),
(1, 1, 5, 2, 8),
(1, 1, 5, 1, 8),
(1, 1, 4, 7, 8),
(1, 1, 4, 6, 8),
(1, 1, 4, 5, 8),
(1, 1, 4, 4, 8),
(1, 1, 4, 3, 8),
(1, 1, 4, 2, 8),
(1, 1, 4, 1, 8),
(1, 1, 3, 7, 8),
(1, 1, 3, 6, 8),
(1, 1, 3, 5, 8),
(1, 1, 3, 4, 8),
(1, 1, 3, 3, 8),
(1, 1, 3, 2, 8),
(1, 1, 3, 1, 8),
(1, 1, 2, 7, 8),
(1, 1, 2, 6, 8),
(1, 1, 2, 5, 8),
(1, 1, 2, 4, 8),
(1, 1, 2, 3, 8),
(1, 1, 2, 2, 8),
(1, 1, 2, 1, 8),
(1, 1, 1, 7, 8),
(1, 1, 1, 6, 8),
(1, 1, 1, 5, 8),
(1, 1, 1, 4, 8),
(1, 1, 1, 3, 8),
(1, 1, 1, 2, 8),
(1, 1, 1, 1, 8);

-- --------------------------------------------------------

--
-- Estrutura para tabela `personalities`
--

CREATE TABLE `personalities` (
  `id` tinyint(2) NOT NULL,
  `no` tinyint(2) NOT NULL,
  `term` varchar(100) NOT NULL,
  `most` char(1) NOT NULL,
  `least` char(1) NOT NULL
) ENGINE=MyISAM DEFAULT CHARSET=utf8 COLLATE=utf8_general_ci;

--
-- Despejando dados para a tabela `personalities`
--

INSERT INTO `personalities` (`id`, `no`, `term`, `most`, `least`) VALUES
(112, 28, 'Expressivo(a)', 'I', 'I'),
(111, 28, 'Cuidadoso(a)', 'C', 'C'),
(110, 28, 'Corajoso(a)', 'D', 'D'),
(109, 28, 'Tranquilo(a)', 'S', 'S'),
(108, 27, 'Estável', 'S', 'S'),
(107, 27, 'Organizado(a)', 'C', 'C'),
(106, 27, 'Falante', 'I', 'I'),
(105, 27, 'Audacioso(a)', 'D', 'D'),
(104, 26, 'Carismático(a)', 'I', 'I'),
(103, 26, 'Autoconfiante', 'D', 'D'),
(102, 26, 'Paciente', 'S', 'S'),
(101, 26, 'Racional', 'C', 'C'),
(1, 1, 'Preciso(a)', 'C', 'C'),
(2, 1, 'Decidido(a)', 'D', 'D'),
(3, 1, 'Paciente', 'S', 'S'),
(4, 1, 'Sociável', 'I', 'I'),
(5, 2, 'Leal', 'S', 'S'),
(6, 2, 'Direto(a)', 'D', 'D'),
(7, 2, 'Organizado(a)', 'C', 'C'),
(8, 2, 'Entusiasmado(a)', 'I', '#'),
(9, 3, 'Analítico(a)', 'C', '#'),
(10, 3, 'Confiável', 'S', 'S'),
(11, 3, 'Determinado(a)', 'D', 'D'),
(12, 3, 'Falante', '#', 'I'),
(13, 4, 'Metódico(a)', 'C', 'C'),
(14, 4, 'Compreensivo(a)', 'S', 'S'),
(15, 4, 'Extrovertido(a)', 'I', 'I'),
(16, 4, 'Competitivo(a)', 'D', 'D'),
(17, 5, 'Resoluto(a)', 'D', 'D'),
(18, 5, 'Estável', 'S', 'S'),
(19, 5, 'Cuidadoso(a)', 'C', 'C'),
(20, 5, 'Animado(a)', 'I', 'I'),
(21, 6, 'Persuasivo(a)', 'I', 'I'),
(22, 6, 'Cauteloso(a)', 'C', '#'),
(23, 6, 'Tranquilo(a)', '#', 'S'),
(24, 6, 'Corajoso(a)', '#', 'D'),
(25, 7, 'Minucioso(a)', 'C', 'C'),
(26, 7, 'Calmo(a)', 'S', 'S'),
(27, 7, 'Autoritário(a)', 'D', 'D'),
(28, 7, 'Espontâneo(a)', '#', 'I'),
(29, 8, 'Disciplinado(a)', 'C', 'C'),
(30, 8, 'Fiel', 'S', '#'),
(31, 8, 'Ousado(a)', 'I', 'I'),
(32, 8, 'Líder', 'D', 'D'),
(33, 9, 'Agradável', 'S', 'S'),
(34, 9, 'Influente', 'I', 'I'),
(35, 9, 'Exato(a)', 'C', 'C'),
(36, 9, 'Persistente', 'D', 'D'),
(37, 10, 'Ambicioso(a)', 'D', 'D'),
(38, 10, 'Pragmático(a)', 'C', 'C'),
(39, 10, 'Empolgado(a)', 'I', 'I'),
(40, 10, 'Amigável', '#', 'S'),
(41, 11, 'Sereno(a)', 'S', 'S'),
(42, 11, 'Inspirador(a)', 'I', 'I'),
(43, 11, 'Proativo(a)', 'D', 'D'),
(44, 11, 'Crítico(a)', 'C', 'C'),
(45, 12, 'Cuidadoso(a)', 'C', 'C'),
(46, 12, 'Falante', 'I', 'I'),
(47, 12, 'Paciente', 'S', 'S'),
(48, 12, 'Confiante', 'D', 'D'),
(49, 13, 'Determinando(a)', 'D', 'D'),
(50, 13, 'Carismático(a)', 'I', 'I'),
(51, 13, 'Conservador(a)', 'C', 'C'),
(52, 13, 'Solidário(a)', 'S', 'S'),
(53, 14, 'Tranquilo(a)', 'S', 'S'),
(54, 14, 'Expressivo(a)', 'I', 'I'),
(55, 14, 'Competente', 'D', 'D'),
(56, 14, 'Detalhista', 'C', 'C'),
(57, 15, 'Rigoroso(a)', 'C', 'C'),
(58, 15, 'Calado(a)', 'S', '#'),
(59, 15, 'Decisivo(a)', 'D', 'D'),
(60, 15, 'Enérgico(a)', 'I', 'I'),
(61, 16, 'Paciente', 'S', 'S'),
(62, 16, 'Objetivo(a)', 'D', 'D'),
(63, 16, 'Falante', 'I', 'I'),
(64, 16, 'Meticuloso(a)', 'C', 'C'),
(65, 17, 'Lógico(a)', 'C', 'C'),
(66, 17, 'Popular', 'I', 'I'),
(67, 17, 'Dominante', 'D', 'D'),
(68, 17, 'Acalmador(a)', 'S', 'S'),
(69, 18, 'Comunicativo(a)', 'I', 'I'),
(70, 18, 'Forte', 'D', '#'),
(71, 18, 'Estável', 'S', 'S'),
(72, 18, 'Disciplinado(a)', 'C', 'C'),
(73, 19, 'Ágil', 'D', 'D'),
(74, 19, 'Regrado(a)', 'C', 'C'),
(75, 19, 'Alegre', 'I', 'I'),
(76, 19, 'Tolerante', '#', 'S'),
(77, 20, 'Técnico(a)', 'C', 'C'),
(78, 20, 'Animado(a)', 'I', 'I'),
(79, 20, 'Passivo(a)', '#', 'S'),
(80, 20, 'Seguro(a)', 'D', 'D'),
(81, 21, 'Tranquilo(a)', 'S', 'S'),
(82, 21, 'Sociável', 'I', 'I'),
(83, 21, 'Objetivo(a)', 'C', 'C'),
(84, 21, 'Confiante', 'D', 'D'),
(85, 22, 'Controlado(a)', 'C', 'C'),
(86, 22, 'Confiável', 'S', 'S'),
(87, 22, 'Independente', 'D', 'D'),
(88, 22, 'Engraçado(a)', 'I', 'I'),
(89, 23, 'Reservado(a)', 'C', 'C'),
(90, 23, 'Sereno(a)', 'S', 'S'),
(91, 23, 'Decidido(a)', 'D', 'D'),
(92, 23, 'Espontâneo(a)', 'I', 'I'),
(93, 24, 'Crítico(a)', 'C', 'C'),
(94, 24, 'Divertido(a)', 'I', 'I'),
(95, 24, 'Assertivo(a)', 'D', 'D'),
(96, 24, 'Agradável', 'S', 'S'),
(97, 25, 'Determinado(a)', 'D', 'D'),
(98, 25, 'Flexível', 'S', 'S'),
(99, 25, 'Comunicativo(a)', 'I', 'I'),
(100, 25, 'Sistemático(a)', 'C', 'C');

-- --------------------------------------------------------

--
-- Estrutura para tabela `results`
--

CREATE TABLE `results` (
  `id` int(11) NOT NULL,
  `dimension` char(1) NOT NULL,
  `intensity` int(11) NOT NULL,
  `value` int(11) NOT NULL,
  `segment` int(11) NOT NULL,
  `graph` tinyint(1) NOT NULL
) ENGINE=MyISAM DEFAULT CHARSET=utf8 COLLATE=utf8_general_ci;

--
-- Despejando dados para a tabela `results`
--

INSERT INTO `results` (`id`, `dimension`, `intensity`, `value`, `segment`, `graph`) VALUES
(1, 'D', 28, 27, 7, 1),
(2, 'D', 26, 12, 7, 1),
(3, 'D', 25, 11, 7, 1),
(4, 'D', 24, 10, 6, 1),
(5, 'D', 23, 9, 6, 1),
(6, 'D', 22, 8, 6, 1),
(7, 'D', 20, 7, 5, 1),
(8, 'D', 19, 6, 5, 1),
(9, 'D', 16, 5, 4, 1),
(10, 'D', 14, 4, 4, 1),
(11, 'D', 12, 3, 3, 1),
(12, 'D', 9, 2, 3, 1),
(13, 'D', 6, 1, 2, 1),
(14, 'D', 3, 0, 1, 1),
(15, 'C', 28, 28, 7, 1),
(16, 'C', 26, 12, 7, 1),
(17, 'C', 25, 11, 7, 1),
(18, 'C', 23, 10, 6, 1),
(19, 'C', 22, 9, 6, 1),
(20, 'C', 20, 8, 5, 1),
(21, 'C', 16, 7, 4, 1),
(22, 'C', 14, 6, 4, 1),
(23, 'C', 12, 5, 3, 1),
(24, 'C', 9, 4, 3, 1),
(25, 'C', 6, 3, 2, 1),
(26, 'C', 4, 2, 1, 1),
(27, 'C', 2, 1, 1, 1),
(28, 'C', 1, 0, 1, 1),
(29, 'I', 28, 26, 7, 1),
(30, 'I', 26, 14, 7, 1),
(31, 'I', 25, 13, 7, 1),
(32, 'I', 23, 12, 6, 1),
(33, 'I', 21, 11, 6, 1),
(34, 'I', 19, 10, 5, 1),
(35, 'I', 17, 9, 5, 1),
(36, 'I', 15, 8, 4, 1),
(37, 'I', 13, 7, 4, 1),
(38, 'I', 11, 6, 3, 1),
(39, 'I', 10, 5, 3, 1),
(40, 'I', 7, 4, 2, 1),
(41, 'I', 4, 3, 1, 1),
(42, 'I', 3, 2, 1, 1),
(43, 'I', 2, 1, 1, 1),
(44, 'I', 1, 0, 1, 1),
(45, 'S', 28, 24, 7, 1),
(46, 'S', 27, 12, 7, 1),
(47, 'S', 26, 11, 7, 1),
(48, 'S', 24, 10, 6, 1),
(49, 'S', 23, 9, 6, 1),
(50, 'S', 21, 8, 6, 1),
(51, 'S', 19, 7, 5, 1),
(52, 'S', 16, 6, 4, 1),
(53, 'S', 13, 5, 4, 1),
(54, 'S', 10, 4, 3, 1),
(55, 'S', 7, 3, 2, 1),
(56, 'S', 4, 2, 1, 1),
(57, 'S', 2, 1, 1, 1),
(58, 'S', 1, 0, 1, 1),
(59, 'D', 28, 0, 7, 2),
(60, 'D', 27, 1, 7, 2),
(61, 'D', 27, 2, 7, 2),
(62, 'D', 26, 3, 7, 2),
(63, 'D', 25, 4, 7, 2),
(64, 'D', 24, 5, 6, 2),
(65, 'D', 22, 6, 6, 2),
(66, 'D', 21, 7, 6, 2),
(67, 'D', 19, 8, 5, 2),
(68, 'D', 18, 9, 5, 2),
(69, 'D', 14, 10, 4, 2),
(70, 'D', 12, 11, 3, 2),
(71, 'D', 11, 12, 3, 2),
(72, 'D', 9, 13, 3, 2),
(73, 'D', 7, 14, 2, 2),
(74, 'D', 5, 15, 2, 2),
(75, 'D', 4, 16, 1, 2),
(76, 'D', 3, 17, 1, 2),
(77, 'D', 1, 27, 1, 2),
(78, 'C', 28, 0, 7, 2),
(79, 'C', 26, 1, 7, 2),
(80, 'C', 25, 2, 7, 2),
(81, 'C', 23, 3, 6, 2),
(82, 'C', 20, 4, 5, 2),
(83, 'C', 16, 5, 4, 2),
(84, 'C', 12, 6, 3, 2),
(85, 'C', 10, 7, 3, 2),
(86, 'C', 7, 8, 2, 2),
(87, 'C', 4, 9, 1, 2),
(88, 'C', 3, 10, 1, 2),
(89, 'C', 1, 26, 1, 2),
(90, 'I', 28, 0, 7, 2),
(91, 'I', 26, 1, 7, 2),
(92, 'I', 22, 2, 6, 2),
(93, 'I', 19, 3, 5, 2),
(94, 'I', 15, 4, 4, 2),
(95, 'I', 12, 5, 3, 2),
(96, 'I', 9, 6, 3, 2),
(97, 'I', 7, 7, 2, 2),
(98, 'I', 5, 8, 2, 2),
(99, 'I', 4, 9, 1, 2),
(100, 'I', 3, 10, 1, 2),
(101, 'I', 1, 27, 1, 2),
(102, 'S', 28, 0, 7, 2),
(103, 'S', 27, 1, 7, 2),
(104, 'S', 26, 2, 7, 2),
(105, 'S', 25, 3, 7, 2),
(106, 'S', 24, 4, 6, 2),
(107, 'S', 22, 5, 6, 2),
(108, 'S', 20, 6, 5, 2),
(109, 'S', 16, 7, 4, 2),
(110, 'S', 14, 8, 4, 2),
(111, 'S', 11, 9, 3, 2),
(112, 'S', 8, 10, 2, 2),
(113, 'S', 6, 11, 2, 2),
(114, 'S', 4, 12, 1, 2),
(115, 'S', 3, 13, 1, 2),
(116, 'S', 1, 26, 1, 2),
(117, 'D', 28, 27, 7, 3),
(118, 'D', 26, 9, 7, 3),
(119, 'D', 25, 6, 7, 3),
(120, 'D', 24, 5, 6, 3),
(121, 'D', 23, 3, 6, 3),
(122, 'D', 23, 2, 6, 3),
(123, 'D', 22, 1, 6, 3),
(124, 'D', 21, 0, 6, 3),
(125, 'D', 20, -1, 5, 3),
(126, 'D', 19, -2, 5, 3),
(127, 'D', 18, -3, 5, 3),
(128, 'D', 17, -4, 5, 3),
(129, 'D', 16, -5, 4, 3),
(130, 'D', 15, -6, 4, 3),
(131, 'D', 14, -7, 4, 3),
(132, 'D', 12, -8, 3, 3),
(133, 'D', 11, -9, 3, 3),
(134, 'D', 10, -10, 3, 3),
(135, 'D', 9, -11, 3, 3),
(136, 'D', 8, -12, 2, 3),
(137, 'D', 7, -13, 2, 3),
(138, 'D', 6, -14, 2, 3),
(139, 'D', 4, -15, 1, 3),
(140, 'D', 3, -16, 1, 3),
(141, 'D', 1, -27, 1, 3),
(142, 'C', 28, 28, 7, 3),
(143, 'C', 26, 9, 7, 3),
(144, 'C', 25, 8, 7, 3),
(145, 'C', 24, 7, 6, 3),
(146, 'C', 22, 6, 6, 3),
(147, 'C', 20, 5, 5, 3),
(148, 'C', 19, 4, 5, 3),
(149, 'C', 17, 3, 5, 3),
(150, 'C', 16, 2, 4, 3),
(151, 'C', 14, 1, 4, 3),
(152, 'C', 12, 0, 3, 3),
(153, 'C', 11, -1, 3, 3),
(154, 'C', 9, -2, 3, 3),
(155, 'C', 8, -3, 2, 3),
(156, 'C', 7, -4, 2, 3),
(157, 'C', 6, -5, 2, 3),
(158, 'C', 4, -6, 1, 3),
(159, 'C', 3, -8, 1, 3),
(160, 'C', 1, -26, 1, 3),
(161, 'I', 28, 26, 7, 3),
(162, 'I', 27, 14, 7, 3),
(163, 'I', 25, 12, 7, 3),
(164, 'I', 24, 11, 6, 3),
(165, 'I', 23, 10, 6, 3),
(166, 'I', 21, 9, 6, 3),
(167, 'I', 20, 8, 5, 3),
(168, 'I', 19, 7, 5, 3),
(169, 'I', 17, 6, 5, 3),
(170, 'I', 15, 5, 4, 3),
(171, 'I', 14, 4, 4, 3),
(172, 'I', 13, 3, 4, 3),
(173, 'I', 12, 2, 3, 3),
(174, 'I', 11, 1, 3, 3),
(175, 'I', 9, 0, 3, 3),
(176, 'I', 8, -1, 2, 3),
(177, 'I', 7, -2, 2, 3),
(178, 'I', 6, -3, 2, 3),
(179, 'I', 5, -4, 2, 3),
(180, 'I', 4, -5, 1, 3),
(181, 'I', 3, -7, 1, 3),
(182, 'I', 1, -27, 1, 3),
(183, 'S', 28, 24, 7, 3),
(184, 'S', 27, 18, 7, 3),
(185, 'S', 25, 6, 7, 3),
(186, 'S', 24, 5, 6, 3),
(187, 'S', 23, 4, 6, 3),
(188, 'S', 21, 3, 6, 3),
(189, 'S', 20, 2, 5, 3),
(190, 'S', 19, 1, 5, 3),
(191, 'S', 18, 0, 5, 3),
(192, 'S', 16, -1, 4, 3),
(193, 'S', 15, -2, 4, 3),
(194, 'S', 12, -3, 3, 3),
(195, 'S', 11, -4, 3, 3),
(196, 'S', 9, -5, 3, 3),
(197, 'S', 8, -6, 2, 3),
(198, 'S', 7, -7, 2, 3),
(199, 'S', 5, -8, 2, 3),
(200, 'S', 4, -9, 1, 3),
(201, 'S', 2, -11, 1, 3),
(202, 'S', 1, -26, 1, 3);

-- --------------------------------------------------------

--
-- Estrutura para tabela `user`
--

CREATE TABLE `user` (
  `id` int(11) NOT NULL,
  `name` varchar(255) NOT NULL,
  `email` varchar(255) NOT NULL,
  `password_hash` varchar(255) NOT NULL,
  `reset_token_hash` varchar(64) DEFAULT NULL,
  `reset_token_expires_at` datetime DEFAULT NULL,
  `birthdate` date DEFAULT NULL
) ENGINE=InnoDB DEFAULT CHARSET=utf8 COLLATE=utf8_unicode_ci;

--
-- Despejando dados para a tabela `user`
--

INSERT INTO `user` (`id`, `name`, `email`, `password_hash`, `reset_token_hash`, `reset_token_expires_at`, `birthdate`) VALUES
(10, 'Octávio Gomes', 'octaviogsf1@gmail.com', '$2y$10$oCDLrhFs1zzLslS12T4Z..a4Varx9bV9qD9OZVts6TFUTrCV1pBBO', NULL, NULL, '2025-04-01'),
(11, 'Octávio Gomes', 'octaviogsf@gmail.com', '$2y$10$x.oTmYS3Eu2LLrFmrRWraeIhXCqUDvFmQ2GsrFMMiTkYOrumN2cee', NULL, NULL, '2025-04-02');

--
-- Índices para tabelas despejadas
--

--
-- Índices de tabela `fotos`
--
ALTER TABLE `fotos`
  ADD PRIMARY KEY (`id`);

--
-- Índices de tabela `patterns`
--
ALTER TABLE `patterns`
  ADD PRIMARY KEY (`id`);

--
-- Índices de tabela `personalities`
--
ALTER TABLE `personalities`
  ADD PRIMARY KEY (`id`);

--
-- Índices de tabela `results`
--
ALTER TABLE `results`
  ADD PRIMARY KEY (`id`);

--
-- Índices de tabela `user`
--
ALTER TABLE `user`
  ADD PRIMARY KEY (`id`),
  ADD UNIQUE KEY `reset_token_hash` (`reset_token_hash`);

--
-- AUTO_INCREMENT para tabelas despejadas
--

--
-- AUTO_INCREMENT de tabela `fotos`
--
ALTER TABLE `fotos`
  MODIFY `id` int(10) UNSIGNED NOT NULL AUTO_INCREMENT, AUTO_INCREMENT=26;

--
-- AUTO_INCREMENT de tabela `personalities`
--
ALTER TABLE `personalities`
  MODIFY `id` tinyint(2) NOT NULL AUTO_INCREMENT, AUTO_INCREMENT=113;

--
-- AUTO_INCREMENT de tabela `results`
--
ALTER TABLE `results`
  MODIFY `id` int(11) NOT NULL AUTO_INCREMENT, AUTO_INCREMENT=203;

--
-- AUTO_INCREMENT de tabela `user`
--
ALTER TABLE `user`
  MODIFY `id` int(11) NOT NULL AUTO_INCREMENT, AUTO_INCREMENT=12;
COMMIT;

/*!40101 SET CHARACTER_SET_CLIENT=@OLD_CHARACTER_SET_CLIENT */;
/*!40101 SET CHARACTER_SET_RESULTS=@OLD_CHARACTER_SET_RESULTS */;
/*!40101 SET COLLATION_CONNECTION=@OLD_COLLATION_CONNECTION */;
